Follower Athlete ID,Following Athlete ID,Favorite Status
78989264,3084143,"{:BOOST_ACTIVITIES_IN_FEED=>""Boost Activities in Feed"", :NOTIFY_ACTIVITIES=>""Subscribed to Activity Notifications on Upload"", :MUTE_IN_FEED=>""Muted Activities in Feed""}"
133241354,3084143,"{:BOOST_ACTIVITIES_IN_FEED=>""Boost Activities in Feed"", :NOTIFY_ACTIVITIES=>""Subscribed to Activity Notifications on Upload"", :MUTE_IN_FEED=>""Muted Activities in Feed""}"
115166483,3084143,"{:BOOST_ACTIVITIES_IN_FEED=>""Boost Activities in Feed"", :NOTIFY_ACTIVITIES=>""Subscribed to Activity Notifications on Upload"", :MUTE_IN_FEED=>""Muted Activities in Feed""}"
80666655,3084143,"{:BOOST_ACTIVITIES_IN_FEED=>""Boost Activities in Feed"", :NOTIFY_ACTIVITIES=>""Subscribed to Activity Notifications on Upload"", :MUTE_IN_FEED=>""Muted Activities in Feed""}"
146866191,3084143,"{:BOOST_ACTIVITIES_IN_FEED=>""Boost Activities in Feed"", :NOTIFY_ACTIVITIES=>""Subscribed to Activity Notifications on Upload"", :MUTE_IN_FEED=>""Muted Activities in Feed""}"
131726738,3084143,"{:BOOST_ACTIVITIES_IN_FEED=>""Boost Activities in Feed"", :NOTIFY_ACTIVITIES=>""Subscribed to Activity Notifications on Upload"", :MUTE_IN_FEED=>""Muted Activities in Feed""}"
52550470,3084143,"{:BOOST_ACTIVITIES_IN_FEED=>""Boost Activities in Feed"", :NOTIFY_ACTIVITIES=>""Subscribed to Activity Notifications on Upload"", :MUTE_IN_FEED=>""Muted Activities in Feed""}"
91331689,3084143,"{:BOOST_ACTIVITIES_IN_FEED=>""Boost Activities in Feed"", :NOTIFY_ACTIVITIES=>""Subscribed to Activity Notifications on Upload"", :MUTE_IN_FEED=>""Muted Activities in Feed""}"
125245593,3084143,"{:BOOST_ACTIVITIES_IN_FEED=>""Boost Activities in Feed"", :NOTIFY_ACTIVITIES=>""Subscribed to Activity Notifications on Upload"", :MUTE_IN_FEED=>""Muted Activities in Feed""}"
106126383,3084143,"{:BOOST_ACTIVITIES_IN_FEED=>""Boost Activities in Feed"", :NOTIFY_ACTIVITIES=>""Subscribed to Activity Notifications on Upload"", :MUTE_IN_FEED=>""Muted Activities in Feed""}"
53386777,3084143,"{:BOOST_ACTIVITIES_IN_FEED=>""Boost Activities in Feed"", :NOTIFY_ACTIVITIES=>""Subscribed to Activity Notifications on Upload"", :MUTE_IN_FEED=>""Muted Activities in Feed""}"
11744497,3084143,"{:BOOST_ACTIVITIES_IN_FEED=>""Boost Activities in Feed"", :NOTIFY_ACTIVITIES=>""Subscribed to Activity Notifications on Upload"", :MUTE_IN_FEED=>""Muted Activities in Feed""}"
110101366,3084143,"{:BOOST_ACTIVITIES_IN_FEED=>""Boost Activities in Feed"", :NOTIFY_ACTIVITIES=>""Subscribed to Activity Notifications on Upload"", :MUTE_IN_FEED=>""Muted Activities in Feed""}"
112218654,3084143,"{:BOOST_ACTIVITIES_IN_FEED=>""Boost Activities in Feed"", :NOTIFY_ACTIVITIES=>""Subscribed to Activity Notifications on Upload"", :MUTE_IN_FEED=>""Muted Activities in Feed""}"
121705752,3084143,"{:BOOST_ACTIVITIES_IN_FEED=>""Boost Activities in Feed"", :NOTIFY_ACTIVITIES=>""Subscribed to Activity Notifications on Upload"", :MUTE_IN_FEED=>""Muted Activities in Feed""}"
50457070,3084143,"{:BOOST_ACTIVITIES_IN_FEED=>""Boost Activities in Feed"", :NOTIFY_ACTIVITIES=>""Subscribed to Activity Notifications on Upload"", :MUTE_IN_FEED=>""Muted Activities in Feed""}"
134609410,3084143,"{:BOOST_ACTIVITIES_IN_FEED=>""Boost Activities in Feed"", :NOTIFY_ACTIVITIES=>""Subscribed to Activity Notifications on Upload"", :MUTE_IN_FEED=>""Muted Activities in Feed""}"
82046807,3084143,"{:BOOST_ACTIVITIES_IN_FEED=>""Boost Activities in Feed"", :NOTIFY_ACTIVITIES=>""Subscribed to Activity Notifications on Upload"", :MUTE_IN_FEED=>""Muted Activities in Feed""}"
51642940,3084143,"{:BOOST_ACTIVITIES_IN_FEED=>""Boost Activities in Feed"", :NOTIFY_ACTIVITIES=>""Subscribed to Activity Notifications on Upload"", :MUTE_IN_FEED=>""Muted Activities in Feed""}"
48313616,3084143,"{:BOOST_ACTIVITIES_IN_FEED=>""Boost Activities in Feed"", :NOTIFY_ACTIVITIES=>""Subscribed to Activity Notifications on Upload"", :MUTE_IN_FEED=>""Muted Activities in Feed""}"
12724860,3084143,"{:BOOST_ACTIVITIES_IN_FEED=>""Boost Activities in Feed"", :NOTIFY_ACTIVITIES=>""Subscribed to Activity Notifications on Upload"", :MUTE_IN_FEED=>""Muted Activities in Feed""}"
105182280,3084143,"{:BOOST_ACTIVITIES_IN_FEED=>""Boost Activities in Feed"", :NOTIFY_ACTIVITIES=>""Subscribed to Activity Notifications on Upload"", :MUTE_IN_FEED=>""Muted Activities in Feed""}"
29111891,3084143,"{:BOOST_ACTIVITIES_IN_FEED=>""Boost Activities in Feed"", :NOTIFY_ACTIVITIES=>""Subscribed to Activity Notifications on Upload"", :MUTE_IN_FEED=>""Muted Activities in Feed""}"
125013687,3084143,"{:BOOST_ACTIVITIES_IN_FEED=>""Boost Activities in Feed"", :NOTIFY_ACTIVITIES=>""Subscribed to Activity Notifications on Upload"", :MUTE_IN_FEED=>""Muted Activities in Feed""}"
59993670,3084143,"{:BOOST_ACTIVITIES_IN_FEED=>""Boost Activities in Feed"", :NOTIFY_ACTIVITIES=>""Subscribed to Activity Notifications on Upload"", :MUTE_IN_FEED=>""Muted Activities in Feed""}"
10244041,3084143,"{:BOOST_ACTIVITIES_IN_FEED=>""Boost Activities in Feed"", :NOTIFY_ACTIVITIES=>""Subscribed to Activity Notifications on Upload"", :MUTE_IN_FEED=>""Muted Activities in Feed""}"
24910628,3084143,"{:BOOST_ACTIVITIES_IN_FEED=>""Boost Activities in Feed"", :NOTIFY_ACTIVITIES=>""Subscribed to Activity Notifications on Upload"", :MUTE_IN_FEED=>""Muted Activities in Feed""}"
128363664,3084143,"{:BOOST_ACTIVITIES_IN_FEED=>""Boost Activities in Feed"", :NOTIFY_ACTIVITIES=>""Subscribed to Activity Notifications on Upload"", :MUTE_IN_FEED=>""Muted Activities in Feed""}"
22735708,3084143,"{:BOOST_ACTIVITIES_IN_FEED=>""Boost Activities in Feed"", :NOTIFY_ACTIVITIES=>""Subscribed to Activity Notifications on Upload"", :MUTE_IN_FEED=>""Muted Activities in Feed""}"
26643193,3084143,"{:BOOST_ACTIVITIES_IN_FEED=>""Boost Activities in Feed"", :NOTIFY_ACTIVITIES=>""Subscribed to Activity Notifications on Upload"", :MUTE_IN_FEED=>""Muted Activities in Feed""}"
131962277,3084143,"{:BOOST_ACTIVITIES_IN_FEED=>""Boost Activities in Feed"", :NOTIFY_ACTIVITIES=>""Subscribed to Activity Notifications on Upload"", :MUTE_IN_FEED=>""Muted Activities in Feed""}"
20453555,3084143,"{:BOOST_ACTIVITIES_IN_FEED=>""Boost Activities in Feed"", :NOTIFY_ACTIVITIES=>""Subscribed to Activity Notifications on Upload"", :MUTE_IN_FEED=>""Muted Activities in Feed""}"
108752546,3084143,"{:BOOST_ACTIVITIES_IN_FEED=>""Boost Activities in Feed"", :NOTIFY_ACTIVITIES=>""Subscribed to Activity Notifications on Upload"", :MUTE_IN_FEED=>""Muted Activities in Feed""}"
127707793,3084143,"{:BOOST_ACTIVITIES_IN_FEED=>""Boost Activities in Feed"", :NOTIFY_ACTIVITIES=>""Subscribed to Activity Notifications on Upload"", :MUTE_IN_FEED=>""Muted Activities in Feed""}"
19076500,3084143,"{:BOOST_ACTIVITIES_IN_FEED=>""Boost Activities in Feed"", :NOTIFY_ACTIVITIES=>""Subscribed to Activity Notifications on Upload"", :MUTE_IN_FEED=>""Muted Activities in Feed""}"
112066642,3084143,"{:BOOST_ACTIVITIES_IN_FEED=>""Boost Activities in Feed"", :NOTIFY_ACTIVITIES=>""Subscribed to Activity Notifications on Upload"", :MUTE_IN_FEED=>""Muted Activities in Feed""}"
74671028,3084143,"{:BOOST_ACTIVITIES_IN_FEED=>""Boost Activities in Feed"", :NOTIFY_ACTIVITIES=>""Subscribed to Activity Notifications on Upload"", :MUTE_IN_FEED=>""Muted Activities in Feed""}"
3084143,135424820,"{:BOOST_ACTIVITIES_IN_FEED=>""Boost Activities in Feed"", :NOTIFY_ACTIVITIES=>""Subscribed to Activity Notifications on Upload"", :MUTE_IN_FEED=>""Muted Activities in Feed""}"
3084143,74671028,"{:BOOST_ACTIVITIES_IN_FEED=>""Boost Activities in Feed"", :NOTIFY_ACTIVITIES=>""Subscribed to Activity Notifications on Upload"", :MUTE_IN_FEED=>""Muted Activities in Feed""}"
3084143,45813555,"{:BOOST_ACTIVITIES_IN_FEED=>""Boost Activities in Feed"", :NOTIFY_ACTIVITIES=>""Subscribed to Activity Notifications on Upload"", :MUTE_IN_FEED=>""Muted Activities in Feed""}"
3084143,6983909,"{:BOOST_ACTIVITIES_IN_FEED=>""Boost Activities in Feed"", :NOTIFY_ACTIVITIES=>""Subscribed to Activity Notifications on Upload"", :MUTE_IN_FEED=>""Muted Activities in Feed""}"
3084143,125562744,"{:BOOST_ACTIVITIES_IN_FEED=>""Boost Activities in Feed"", :NOTIFY_ACTIVITIES=>""Subscribed to Activity Notifications on Upload"", :MUTE_IN_FEED=>""Muted Activities in Feed""}"
3084143,112066642,"{:BOOST_ACTIVITIES_IN_FEED=>""Boost Activities in Feed"", :NOTIFY_ACTIVITIES=>""Subscribed to Activity Notifications on Upload"", :MUTE_IN_FEED=>""Muted Activities in Feed""}"
3084143,106126383,"{:BOOST_ACTIVITIES_IN_FEED=>""Boost Activities in Feed"", :NOTIFY_ACTIVITIES=>""Subscribed to Activity Notifications on Upload"", :MUTE_IN_FEED=>""Muted Activities in Feed""}"
3084143,22714068,"{:BOOST_ACTIVITIES_IN_FEED=>""Boost Activities in Feed"", :NOTIFY_ACTIVITIES=>""Subscribed to Activity Notifications on Upload"", :MUTE_IN_FEED=>""Muted Activities in Feed""}"
3084143,47231766,"{:BOOST_ACTIVITIES_IN_FEED=>""Boost Activities in Feed"", :NOTIFY_ACTIVITIES=>""Subscribed to Activity Notifications on Upload"", :MUTE_IN_FEED=>""Muted Activities in Feed""}"
3084143,124067221,"{:BOOST_ACTIVITIES_IN_FEED=>""Boost Activities in Feed"", :NOTIFY_ACTIVITIES=>""Subscribed to Activity Notifications on Upload"", :MUTE_IN_FEED=>""Muted Activities in Feed""}"
3084143,29111891,"{:BOOST_ACTIVITIES_IN_FEED=>""Boost Activities in Feed"", :NOTIFY_ACTIVITIES=>""Subscribed to Activity Notifications on Upload"", :MUTE_IN_FEED=>""Muted Activities in Feed""}"
3084143,78989264,"{:BOOST_ACTIVITIES_IN_FEED=>""Boost Activities in Feed"", :NOTIFY_ACTIVITIES=>""Subscribed to Activity Notifications on Upload"", :MUTE_IN_FEED=>""Muted Activities in Feed""}"
3084143,128363664,"{:BOOST_ACTIVITIES_IN_FEED=>""Boost Activities in Feed"", :NOTIFY_ACTIVITIES=>""Subscribed to Activity Notifications on Upload"", :MUTE_IN_FEED=>""Muted Activities in Feed""}"
3084143,102336034,"{:BOOST_ACTIVITIES_IN_FEED=>""Boost Activities in Feed"", :NOTIFY_ACTIVITIES=>""Subscribed to Activity Notifications on Upload"", :MUTE_IN_FEED=>""Muted Activities in Feed""}"
3084143,28737982,"{:BOOST_ACTIVITIES_IN_FEED=>""Boost Activities in Feed"", :NOTIFY_ACTIVITIES=>""Subscribed to Activity Notifications on Upload"", :MUTE_IN_FEED=>""Muted Activities in Feed""}"
3084143,52984082,"{:BOOST_ACTIVITIES_IN_FEED=>""Boost Activities in Feed"", :NOTIFY_ACTIVITIES=>""Subscribed to Activity Notifications on Upload"", :MUTE_IN_FEED=>""Muted Activities in Feed""}"
3084143,59993670,"{:BOOST_ACTIVITIES_IN_FEED=>""Boost Activities in Feed"", :NOTIFY_ACTIVITIES=>""Subscribed to Activity Notifications on Upload"", :MUTE_IN_FEED=>""Muted Activities in Feed""}"
3084143,125245593,"{:BOOST_ACTIVITIES_IN_FEED=>""Boost Activities in Feed"", :NOTIFY_ACTIVITIES=>""Subscribed to Activity Notifications on Upload"", :MUTE_IN_FEED=>""Muted Activities in Feed""}"
3084143,52550470,"{:BOOST_ACTIVITIES_IN_FEED=>""Boost Activities in Feed"", :NOTIFY_ACTIVITIES=>""Subscribed to Activity Notifications on Upload"", :MUTE_IN_FEED=>""Muted Activities in Feed""}"
3084143,115166483,"{:BOOST_ACTIVITIES_IN_FEED=>""Boost Activities in Feed"", :NOTIFY_ACTIVITIES=>""Subscribed to Activity Notifications on Upload"", :MUTE_IN_FEED=>""Muted Activities in Feed""}"
3084143,15531187,"{:BOOST_ACTIVITIES_IN_FEED=>""Boost Activities in Feed"", :NOTIFY_ACTIVITIES=>""Subscribed to Activity Notifications on Upload"", :MUTE_IN_FEED=>""Muted Activities in Feed""}"
3084143,30072212,"{:BOOST_ACTIVITIES_IN_FEED=>""Boost Activities in Feed"", :NOTIFY_ACTIVITIES=>""Subscribed to Activity Notifications on Upload"", :MUTE_IN_FEED=>""Muted Activities in Feed""}"
3084143,53386777,"{:BOOST_ACTIVITIES_IN_FEED=>""Boost Activities in Feed"", :NOTIFY_ACTIVITIES=>""Subscribed to Activity Notifications on Upload"", :MUTE_IN_FEED=>""Muted Activities in Feed""}"
3084143,50749552,"{:BOOST_ACTIVITIES_IN_FEED=>""Boost Activities in Feed"", :NOTIFY_ACTIVITIES=>""Subscribed to Activity Notifications on Upload"", :MUTE_IN_FEED=>""Muted Activities in Feed""}"
3084143,5599536,"{:BOOST_ACTIVITIES_IN_FEED=>""Boost Activities in Feed"", :NOTIFY_ACTIVITIES=>""Subscribed to Activity Notifications on Upload"", :MUTE_IN_FEED=>""Muted Activities in Feed""}"
3084143,116344758,"{:BOOST_ACTIVITIES_IN_FEED=>""Boost Activities in Feed"", :NOTIFY_ACTIVITIES=>""Subscribed to Activity Notifications on Upload"", :MUTE_IN_FEED=>""Muted Activities in Feed""}"
3084143,11744497,"{:BOOST_ACTIVITIES_IN_FEED=>""Boost Activities in Feed"", :NOTIFY_ACTIVITIES=>""Subscribed to Activity Notifications on Upload"", :MUTE_IN_FEED=>""Muted Activities in Feed""}"
3084143,133241354,"{:BOOST_ACTIVITIES_IN_FEED=>""Boost Activities in Feed"", :NOTIFY_ACTIVITIES=>""Subscribed to Activity Notifications on Upload"", :MUTE_IN_FEED=>""Muted Activities in Feed""}"
3084143,51642940,"{:BOOST_ACTIVITIES_IN_FEED=>""Boost Activities in Feed"", :NOTIFY_ACTIVITIES=>""Subscribed to Activity Notifications on Upload"", :MUTE_IN_FEED=>""Muted Activities in Feed""}"
3084143,125013687,"{:BOOST_ACTIVITIES_IN_FEED=>""Boost Activities in Feed"", :NOTIFY_ACTIVITIES=>""Subscribed to Activity Notifications on Upload"", :MUTE_IN_FEED=>""Muted Activities in Feed""}"
3084143,99393544,"{:BOOST_ACTIVITIES_IN_FEED=>""Boost Activities in Feed"", :NOTIFY_ACTIVITIES=>""Subscribed to Activity Notifications on Upload"", :MUTE_IN_FEED=>""Muted Activities in Feed""}"
3084143,50457070,"{:BOOST_ACTIVITIES_IN_FEED=>""Boost Activities in Feed"", :NOTIFY_ACTIVITIES=>""Subscribed to Activity Notifications on Upload"", :MUTE_IN_FEED=>""Muted Activities in Feed""}"
3084143,32430766,"{:BOOST_ACTIVITIES_IN_FEED=>""Boost Activities in Feed"", :NOTIFY_ACTIVITIES=>""Subscribed to Activity Notifications on Upload"", :MUTE_IN_FEED=>""Muted Activities in Feed""}"
3084143,112218654,"{:BOOST_ACTIVITIES_IN_FEED=>""Boost Activities in Feed"", :NOTIFY_ACTIVITIES=>""Subscribed to Activity Notifications on Upload"", :MUTE_IN_FEED=>""Muted Activities in Feed""}"
3084143,129254582,"{:BOOST_ACTIVITIES_IN_FEED=>""Boost Activities in Feed"", :NOTIFY_ACTIVITIES=>""Subscribed to Activity Notifications on Upload"", :MUTE_IN_FEED=>""Muted Activities in Feed""}"
3084143,105182280,"{:BOOST_ACTIVITIES_IN_FEED=>""Boost Activities in Feed"", :NOTIFY_ACTIVITIES=>""Subscribed to Activity Notifications on Upload"", :MUTE_IN_FEED=>""Muted Activities in Feed""}"
3084143,56504325,"{:BOOST_ACTIVITIES_IN_FEED=>""Boost Activities in Feed"", :NOTIFY_ACTIVITIES=>""Subscribed to Activity Notifications on Upload"", :MUTE_IN_FEED=>""Muted Activities in Feed""}"
3084143,82046807,"{:BOOST_ACTIVITIES_IN_FEED=>""Boost Activities in Feed"", :NOTIFY_ACTIVITIES=>""Subscribed to Activity Notifications on Upload"", :MUTE_IN_FEED=>""Muted Activities in Feed""}"
3084143,95919245,"{:BOOST_ACTIVITIES_IN_FEED=>""Boost Activities in Feed"", :NOTIFY_ACTIVITIES=>""Subscribed to Activity Notifications on Upload"", :MUTE_IN_FEED=>""Muted Activities in Feed""}"
3084143,97655261,"{:BOOST_ACTIVITIES_IN_FEED=>""Boost Activities in Feed"", :NOTIFY_ACTIVITIES=>""Subscribed to Activity Notifications on Upload"", :MUTE_IN_FEED=>""Muted Activities in Feed""}"
3084143,80666655,"{:BOOST_ACTIVITIES_IN_FEED=>""Boost Activities in Feed"", :NOTIFY_ACTIVITIES=>""Subscribed to Activity Notifications on Upload"", :MUTE_IN_FEED=>""Muted Activities in Feed""}"
3084143,12724860,"{:BOOST_ACTIVITIES_IN_FEED=>""Boost Activities in Feed"", :NOTIFY_ACTIVITIES=>""Subscribed to Activity Notifications on Upload"", :MUTE_IN_FEED=>""Muted Activities in Feed""}"
3084143,20453555,"{:BOOST_ACTIVITIES_IN_FEED=>""Boost Activities in Feed"", :NOTIFY_ACTIVITIES=>""Subscribed to Activity Notifications on Upload"", :MUTE_IN_FEED=>""Muted Activities in Feed""}"
3084143,108752546,"{:BOOST_ACTIVITIES_IN_FEED=>""Boost Activities in Feed"", :NOTIFY_ACTIVITIES=>""Subscribed to Activity Notifications on Upload"", :MUTE_IN_FEED=>""Muted Activities in Feed""}"
3084143,91331689,"{:BOOST_ACTIVITIES_IN_FEED=>""Boost Activities in Feed"", :NOTIFY_ACTIVITIES=>""Subscribed to Activity Notifications on Upload"", :MUTE_IN_FEED=>""Muted Activities in Feed""}"
3084143,48313616,"{:BOOST_ACTIVITIES_IN_FEED=>""Boost Activities in Feed"", :NOTIFY_ACTIVITIES=>""Subscribed to Activity Notifications on Upload"", :MUTE_IN_FEED=>""Muted Activities in Feed""}"
3084143,110101366,"{:BOOST_ACTIVITIES_IN_FEED=>""Boost Activities in Feed"", :NOTIFY_ACTIVITIES=>""Subscribed to Activity Notifications on Upload"", :MUTE_IN_FEED=>""Muted Activities in Feed""}"
3084143,131962277,"{:BOOST_ACTIVITIES_IN_FEED=>""Boost Activities in Feed"", :NOTIFY_ACTIVITIES=>""Subscribed to Activity Notifications on Upload"", :MUTE_IN_FEED=>""Muted Activities in Feed""}"
3084143,90425661,"{:BOOST_ACTIVITIES_IN_FEED=>""Boost Activities in Feed"", :NOTIFY_ACTIVITIES=>""Subscribed to Activity Notifications on Upload"", :MUTE_IN_FEED=>""Muted Activities in Feed""}"
3084143,88705586,"{:BOOST_ACTIVITIES_IN_FEED=>""Boost Activities in Feed"", :NOTIFY_ACTIVITIES=>""Subscribed to Activity Notifications on Upload"", :MUTE_IN_FEED=>""Muted Activities in Feed""}"
3084143,24910628,"{:BOOST_ACTIVITIES_IN_FEED=>""Boost Activities in Feed"", :NOTIFY_ACTIVITIES=>""Subscribed to Activity Notifications on Upload"", :MUTE_IN_FEED=>""Muted Activities in Feed""}"
3084143,127707793,"{:BOOST_ACTIVITIES_IN_FEED=>""Boost Activities in Feed"", :NOTIFY_ACTIVITIES=>""Subscribed to Activity Notifications on Upload"", :MUTE_IN_FEED=>""Muted Activities in Feed""}"
3084143,121705752,"{:BOOST_ACTIVITIES_IN_FEED=>""Boost Activities in Feed"", :NOTIFY_ACTIVITIES=>""Subscribed to Activity Notifications on Upload"", :MUTE_IN_FEED=>""Muted Activities in Feed""}"
3084143,56345305,"{:BOOST_ACTIVITIES_IN_FEED=>""Boost Activities in Feed"", :NOTIFY_ACTIVITIES=>""Subscribed to Activity Notifications on Upload"", :MUTE_IN_FEED=>""Muted Activities in Feed""}"
3084143,146866191,"{:BOOST_ACTIVITIES_IN_FEED=>""Boost Activities in Feed"", :NOTIFY_ACTIVITIES=>""Subscribed to Activity Notifications on Upload"", :MUTE_IN_FEED=>""Muted Activities in Feed""}"
3084143,19076500,"{:BOOST_ACTIVITIES_IN_FEED=>""Boost Activities in Feed"", :NOTIFY_ACTIVITIES=>""Subscribed to Activity Notifications on Upload"", :MUTE_IN_FEED=>""Muted Activities in Feed""}"
