Media Filename,Media Caption
media/B461080E-0CBC-40D4-B572-E750A2E9B1DE.jpg,""
media/F0AD375C-9404-4FD9-9C12-02389155CEAE.jpg,""
media/F6CE7980-0EEA-4F53-87D2-391F1A457843.jpg,""
media/661E23BF-7D62-454C-BA05-5628983D1AFD.jpg,""
media/70D6279A-4047-4CA6-9D11-95CAE15AB95D.jpg,""
media/09B991DF-2DF3-4A09-87D5-63A296DA4F04.jpg,""
media/E6597E85-C5C6-4364-BDFF-AB3CDD65DF42.jpg,""
media/6A8F3950-DC32-4AEB-85F0-941A1AC6ABF8.jpg,""
media/6BCC635F-3FC7-4A45-9E4C-5D58A2C927EA.jpg,""
media/0EA202A0-16BB-4931-92A2-51B9E0F6D248.jpg,""
media/1660ED1E-D2F7-4BD2-9E98-179E74CECF7B.jpg,""
media/36C70531-39CD-42DB-B954-47490263C7C2.jpg,""
media/91D808EF-BA70-4B16-930F-3B6555D9EE4C.jpg,""
media/AB20F251-F2C1-4D65-84B4-F26AF17AEC7E.jpg,""
media/A0939F28-71CC-4135-A832-67B3151D51B8.jpg,""
media/CD3BAD64-8B41-4BD6-9FF8-EBAB3E068720.jpg,""
media/9AAB3E98-C16D-4869-A1C5-E5FC1507C3CF.jpg,""
media/ECD0D66C-E8F5-404D-A00A-D0FD913D6B78.jpg,""
media/12EFD2A3-359E-4F80-8614-8AA72A3E287C.jpg,""
media/DFE1D076-8FF4-4F2B-B170-E86EDEA4BB1F.jpg,""
media/0C85A2F4-E018-48B4-BB31-3497B8DD7238.jpg,""
media/0FB6B76A-8EB1-4E2A-8617-8D80BB17368D.jpg,""
media/4CAB547A-577E-44C7-87E9-1B9C35849AD1.mp4,""
media/DCDB4839-0B39-444A-8A1D-34E241F0C919.jpg,""
media/E9509209-09FD-4387-979D-67973FE7A80C.jpg,""
media/364A58C5-4A29-4975-B29B-AF83B1609C43.jpg,""
media/C5F15372-3AF3-455D-B9CB-7F7F0D4D96DA.mp4,""
media/D6BE79BA-122B-4D0C-B2E6-BA14965065B3.jpg,""
media/80FB52E7-2892-46FA-8A71-D2352748DD18.jpg,""
media/549EBDC0-953F-470B-BC02-57677C12EBD6.mp4,""
media/56A1A0E7-CC72-45B6-9CFC-755BDB1258F9.jpg,""
media/A97ECE74-54A1-4A16-AEA7-08522A4DD953.jpg,""
media/28F03AA3-3517-42D5-9D42-744189E993EB.jpg,""
media/B8067A00-F004-4ADA-A7BD-912E3BE26556.mp4,""
media/A99AD843-6201-4250-8E02-A1044B714A3C.jpg,""
media/ADF6753B-3A1B-4E33-A903-CBDB91529DB5.jpg,""
media/A23B229C-772D-446B-A5B3-8FBFB4B5F5D6.jpg,""
media/6A070B80-FBF9-43FD-84A6-1539FA9CF196.jpg,""
media/D526905A-BF23-4901-BC61-97BDD0078ED0.jpg,""
media/AFC21653-858B-40F1-ABD8-20C1869B7DEF.jpg,""
media/0ADD34E8-429E-4ABC-983E-000ACA80EE3F.jpg,""
media/1EBBE63F-6B9A-440A-929D-85510EDEA66C.jpg,""
media/BB74433D-1D8D-464F-8E75-851D1E78F2C6.jpg,""
media/9AECD8A7-F910-4DD9-BE23-AD50B9AF94DA.jpg,""
media/AB4A914A-9D39-4922-B977-75ADA0ED5915.jpg,""
media/D1704BE6-99C6-40C6-B42C-6B7654B90403.jpg,""
media/5F381025-DF17-4F1B-8450-BE108DE2F2DC.jpg,""
media/155B3C16-A71E-48AB-BDCB-1928A59ADBDD.jpg,""
media/A2301558-605D-4A19-9E3D-43A07F26AD90.jpg,""
media/2BB0E73A-B724-4BD2-B59E-29B3C99C14D7.jpg,""
media/41A997E6-1612-4CBD-A5B5-F7AF1C2F7D44.jpg,""
media/8DA3F29F-7B28-4528-8666-37F93FBA69C2.jpg,""
media/6F9D5F45-A543-455B-8041-7BF77189472C.mp4,""
media/E9340179-5AB8-4F17-80AC-EDE3F0B16318.jpg,""
media/1E8F4510-4AB7-4155-838B-C2B3E401F723.jpg,""
media/8DD7A83A-C7F2-4148-BBF0-2F25A15755A8.jpg,""
media/BC6317DF-B860-4AB0-99DF-755EEF1E07F9.jpg,""
media/5EE824F0-41DA-4B65-9F62-F74989F97ABB.jpg,""
media/8B6C1983-1C40-44F6-A00A-3A688C6BE4D0.jpg,""
media/621D1852-E4C7-4658-8A93-831F337C5442.jpg,""
media/A4934B00-BD8C-411E-9889-54B727FB82EE.mp4,""
media/48CF31E1-DA13-41D5-BDD6-3AF25B18CD69.jpg,""
media/D66596FD-6050-4EF9-B604-96D3414426AA.jpg,""
media/C853554E-74D2-4B13-8759-749352A69B6B.jpg,""
media/AE7044C3-F2DE-4DB0-AB86-AEC64C6F1B39.jpg,""
media/84FAE929-604E-45D5-A8DF-40812B4A8FF3.jpg,""
media/C6C32C96-42FA-4E61-9B3F-9AFD4207753B.jpg,""
media/8E3D68B7-19BE-4065-9102-8C32BC6A80FA.jpg,""
media/DAF1AE88-9C3B-4C86-B5AD-1213DFDEBD5B.jpg,""
media/A65E1EF9-1F0C-4B36-8C6E-C66D489A23B4.jpg,""
media/993aafd4-bad4-427a-a04b-2e4150780e1f.jpg,""
media/f9ea622c-8da4-4671-82d1-e070dd8718da.jpg,""
media/6283393a-7bb5-4e1f-92b6-079e91cdf9e1.jpg,""
media/430da224-4edb-4d62-9148-141b1d1ebeb5.jpg,""
media/a221d495-eb7a-4728-8c0e-4cc68a39ae6f.jpg,""
media/ae4ab881-139e-4b5f-a644-d58bb36308ef.jpg,""
media/ae339973-54cd-46e8-8624-da98ba9793a7.jpg,""
media/3A896ECF-8980-419E-AF38-5CEBAA7C99BE.jpg,""
media/AA1D988A-A6E9-4AC5-99AB-1F29D3996BD6.jpg,""
media/7763F5BB-403E-4B53-8E15-AA1B0818F3BE.jpg,""
media/84CDB3DD-4C77-4F17-A278-372D17DCBA4E.jpg,""
media/9F97A88D-F897-46BB-9A89-B55240065877.jpg,""
media/0A73F192-634E-424C-B46A-81E9901F10A0.jpg,""
media/18DED26F-8DD2-4E06-9033-FACB9E4D6E0F.jpg,""
media/1B42B517-7540-4CE9-BF25-755F51A68BFB.jpg,""
media/77AF7210-4EA2-4350-85F2-4546E7D46097.jpg,""
media/E7C62DA4-F439-4778-9838-AAC4A3879F77.jpg,""
media/BD2C6E49-CDD6-4674-B931-4E6D67B91510.jpg,""
media/C0512B27-BF34-45FD-ADFB-510EB3DDD0E1.jpg,""
media/96A98E45-3D65-476E-B92F-B5F29EF44A97.jpg,""
media/ADA1EC16-53AD-4BF4-8343-BDCA3F5AF847.jpg,""
media/18FF9535-862D-4615-9925-2ED44B85B416.mp4,""
media/0D42CAC0-1540-4949-870F-7C57E153B4A0.mp4,""
media/9FE6022E-8DF2-4934-8AC9-A130B83A9086.mp4,""
media/ED7D7824-9145-4ACD-B3BD-52C75B613983.jpg,""
media/4929D2B1-064E-4761-A91D-562BC51051BC.jpg,""
media/33E96D04-113C-4F82-B266-7D81AB7A3C69.jpg,""
media/89AA38CC-80CD-4D97-9990-981457883A22.jpg,""
media/90C0E234-8018-47C0-88A5-1B0BE0D99329.jpg,""
media/C0B9D0B6-A5C9-4820-9441-49AFCC6DFE90.jpg,""
media/44EA72EC-0D9A-44A4-98A5-8525A273DD32.jpg,""
media/99E48EDF-B2BC-493F-98A7-F54112F7872B.jpg,""
media/C6C9A70E-AE68-402D-A0BF-01B30E26D882.jpg,""
media/7EC04187-AD88-4DAF-A26B-88966E7A4939.jpg,""
media/0C08A591-AAEE-4C59-BD21-C9ACCAC9EFEF.jpg,""
media/E4494117-5444-488E-B1B1-C7D9DA84C48F.jpg,""
media/0EB51B20-9F03-4A6B-81EC-973C6CE5B84E.mp4,""
media/941C64AE-70D3-4B02-B6F4-70FACEFA449B.jpg,""
media/54B93E88-D622-468B-AF1C-C078E29663FE.jpg,""
media/C37E9129-01BB-49C6-B7E5-B372287A9A56.jpg,""
media/BF0FA7E3-B502-4FED-9AF7-0F5514C04B9B.jpg,""
media/7CD3B03C-9205-461C-A13A-DFE8C42C346F.jpg,""
media/292DC105-A2A9-40F2-861E-AD0D8D9A2498.jpg,""
media/44EE8A90-EF93-43B6-ABC8-1535F86E6D14.jpg,""
media/D32CD66C-7987-4366-B42C-56FC4F502C18.jpg,""
media/16BDCC6D-3E0F-4C65-8FAF-D014C4D2C965.mp4,""
media/9E4493C2-A3D4-4FC3-8A8A-B35B5C3D7D27.jpg,""
media/1A003EBC-B4A2-4782-8556-119ACE04457A.jpg,""
media/C1E8D64D-7175-4DD6-A5F1-B292080B36F2.jpg,""
media/E29A3311-C534-4203-B66D-B7B2ABC0410F.jpg,""
media/26AABEEB-8A5E-4C29-985B-3FF515C255C3.jpg,""
media/ED4A6FDF-075A-498F-921C-9A0D131903F5.jpg,""
media/E0D52B54-DB7C-49DB-93B8-16D025E0BFBE.jpg,""
media/94DD430C-3472-4A7F-A474-B581AA8E99CB.jpg,""
media/6046CAA1-5A85-4D3B-9AD2-D7D2F21A21AF.jpg,""
media/A0FD54EF-C04F-4644-BFC6-2453ACB70146.jpg,""
media/C533D64D-6D4E-48D6-BB38-28C3CECCCEA6.jpg,""
media/F70077B8-F82F-4015-84B4-9AAC5DE90754.jpg,""
media/C1B35F66-7578-4B5B-87B6-FDFAB581D30E.jpg,""
media/780CCD12-BF7D-4DB7-9F21-4D6AA18E1F2F.jpg,""
media/8EA8D2E0-52A2-437B-A5DF-259D44E32930.jpg,""
media/EB2CB376-50DB-4C02-95CB-4532ACFCA5B9.jpg,""
media/FDA0293B-A984-4DBA-98EC-001EE8C6D75D.mp4,""
media/CA539162-BC48-4E7F-AE50-821734FB468E.jpg,""
media/B747AAAC-97A2-4DC6-9D4C-98C0EDEF21FC.jpg,""
media/9B3E88EC-504C-4855-B1FF-81452E62E284.jpg,""
media/04EC43E0-C7A5-4950-A364-5417DF13EE45.jpg,""
media/3D49392E-8DA1-4A69-827D-BD3F1E820EA0.jpg,""
media/BC5E9752-B97C-41FD-886A-7E8A4AE36324.jpg,""
media/3F96DAB4-C89A-4B6D-92D5-6E33D9C21024.jpg,""
media/2B86E60D-BA81-4267-97EB-AED599FE2B03.jpg,""
media/EA12A18E-3764-4185-AD8C-1DC2F0EE2135.jpg,""
media/32630199-B804-43C6-9554-F0CC6AB6E381.jpg,""
media/54E14610-78A8-4BDA-98C2-E12A5421D860.jpg,""
media/32297336-8024-42B0-900D-4661FF67F684.jpg,""
media/B8F0359A-C643-43CA-8F12-BF93FCB89CC4.mp4,""
media/CA747EB8-65A5-4E11-98BE-3D07BBA22B00.jpg,""
media/6C518ECD-DEF7-463B-AC46-81F096FA44D9.jpg,""
media/219184F8-6397-4AB2-9E4B-5827176ADF95.mp4,""
media/2C5A4019-B562-4DB4-B276-1198E254A90D.mp4,""
media/06AC871B-2F6A-4151-BCDD-6A0216815A14.jpg,""
media/F3F052AE-633A-4714-9740-966EAB9B7F91.jpg,""
media/F43FD604-7B4C-4AD9-8BFF-6F95781716B4.jpg,""
media/FB54387D-391D-459F-8778-DC23F85056DB.jpg,""
media/11DC72CD-5129-497F-BCFD-91CE7D63FA0E.jpg,""
media/89F101CC-808C-4470-BC2B-566550024F74.jpg,""
media/12A56F2C-1063-4B7A-BF3B-BFFB6546CD08.jpg,""
media/E1E879F4-19FE-4C3B-B1BC-1C7811D6CB5B.jpg,""
media/4E59A58C-B4BC-451B-9137-1C723142A72E.mp4,""
media/201BD241-AA08-4E8F-B7DC-09D181EAEC3A.jpg,""
media/7EB9C14A-412B-4E82-AF3F-D46CF83DC526.jpg,""
media/2DA6CEF5-66CF-45AA-A688-19D0F73FFCFA.jpg,""
media/269C6953-F31B-4069-9BBA-72DE5B8614B1.jpg,""
media/F3FD2740-3A3C-4FB9-BC69-A6686FE54ABD.jpg,""
media/57D4D088-C260-4856-A0CE-7B9F6C050764.jpg,""
media/382648BD-C7D6-449D-B9B2-63FFAFE44B0D.jpg,""
media/1A3F2DDD-3339-4014-AC36-FF29B12C13B2.jpg,""
media/BF46315F-344B-4A30-AA18-23E9D25CD70E.jpg,""
media/9AC1663C-B377-4F17-B924-89812EE45909.jpg,""
media/61875E51-0621-4824-AD9B-78B93AADFC70.jpg,""
media/21FC7B8E-B452-4A15-8603-3EB17AABEEDA.jpg,""
media/280E0270-B9E0-4160-B13D-2DEF0C177355.jpg,""
media/DA794958-8D96-49F3-B12E-37D5277F1587.jpg,""
media/C98052D6-99C4-48B6-AA47-841DE24E1A3B.jpg,""
media/9C14DF65-E095-4289-9DB0-AB745FEEFC8A.jpg,""
media/182BD764-9169-4675-98A3-FE9C3076E96C.mp4,""
media/B8A667A6-E3F8-4E0D-9899-FBD123353CE9.jpg,""
media/A9B1672A-5F56-4848-9C32-4618465143FC.jpg,""
media/B552F1B5-3519-47C6-B2E9-E9ECEF56BD64.mp4,""
media/BF2AA65A-AC77-45FF-937D-D88EB338EB71.jpg,""
media/351770DB-2811-439A-962F-07B520344772.jpg,""
media/B005022E-A42B-453A-A3BD-685FB3671ADA.jpg,""
media/E01D7D06-9F6A-4083-AF23-510B7C5B9F70.jpg,""
media/865E68C2-9F63-4920-B90A-8ABD5B201F7B.jpg,""
media/1744B1F1-799E-44D7-98D0-84F1EEE5E43C.jpg,""
media/82053DB0-DDDE-4043-ACE9-81530C4587B4.jpg,""
media/D68D1FDE-2EA6-44C7-8F4C-034C2CB16FBB.mp4,""
media/F51E0451-2E02-42B5-9A30-D917803DA8D1.jpg,""
media/D6BD015E-AB4A-431D-A7F4-1F2C660365C4.jpg,""
media/51B03B45-4982-4741-82E3-03BF4908D034.mp4,""
media/90BC5A2B-7799-457C-9FE6-6617B471CA6C.jpg,""
media/E9EEB9B7-93BB-489C-8989-9D3020836EC5.jpg,""
media/3D455007-5E02-4B05-B183-4B821F8A95FC.jpg,""
media/108E8F7B-8AA2-4825-B543-7D7D1CBBA04E.jpg,""
media/AD129E83-6081-43E7-AC4A-33843AF07EDB.mp4,""
media/F695908C-D3F1-49D9-991B-D034AA517739.jpg,""
media/2EF1B25E-40E3-4260-9E51-BBD8CFA44669.jpg,""
media/21FE90C0-122B-4EE7-A69E-4624783C2099.jpg,""
media/B2CDEE0F-773F-4A19-910C-A546692FBE0F.jpg,""
media/D08F9C03-4E66-4066-9DE2-4DCE1C99146C.jpg,""
media/140012C1-659F-46BE-8B1B-65D45A42A060.jpg,""
media/DFFED674-FAB7-47B8-966A-F6C7919600B1.jpg,""
media/FFD7A58C-A14E-4CE2-92D0-C97A407C77F6.jpg,""
media/658D77A4-8C6A-4278-A13D-3B0666976EF1.jpg,""
media/C1730D6E-7779-4220-8E2E-80F9EB3729BD.jpg,""
media/49287EBD-1288-4C6E-B142-6B0C586C73CC.jpg,""
media/F720C446-C2D5-4859-B32C-D78D593FC25E.jpg,""
media/7F9A91F3-835F-4D7B-A7F7-7C66605980F8.jpg,""
media/A261501B-AB4D-478E-BC4B-F2C2E15B6ACD.jpg,""
media/6D14F0DD-8F9E-4CBB-91A5-6B55A7DF6AF5.jpg,""
media/EB018570-08D8-4D62-B64C-031CF84B1CF3.mp4,""
media/B656AB8A-6D41-45EF-AEA5-99CF01AD4363.jpg,""
media/2C3A6A0C-6A12-47D4-9B2B-0C462C465C26.jpg,""
media/70FBD76F-9E70-412B-B8BE-5985EF610E7B.jpg,""
media/E95B0288-0C30-49D4-B29F-9FE735B18075.jpg,""
media/5AEF9CFB-9144-41F5-8F82-50270887E63C.jpg,""
media/C2FF5ADC-FDAC-4DC3-8CD1-565F8EDCB238.jpg,""
media/86B2808B-1178-4D8B-9287-AA41577F8354.jpg,""
media/3CDD87CA-EDBF-4E86-9965-8E5F1C3C81D7.jpg,""
media/62CA362E-23E9-47DD-A120-80A9E226CE8D.jpg,""
media/8AE0993B-2358-4F15-9DD9-9105261EBE8A.mp4,""
media/C8ECF848-D9CC-473C-ACD0-A51AEB0E34B6.jpg,""
media/6F6E95AC-CF28-43CA-ACFB-5810336A73F9.jpg,""
media/753A5C79-60C6-41D6-97CA-A2888E603A28.jpg,""
media/3F211EC6-5613-41AD-9B2F-94313F62042B.jpg,""
media/E5C0C0F3-B14E-48BE-B1FA-D03A49070B40.jpg,""
media/710A935E-BF94-4BD6-831D-EB6BDA6218B9.jpg,""
media/DC321399-3F17-45A0-9CF5-5A2272448335.jpg,""
media/AD5A089A-109B-400E-AD14-AAD07DC1FFBF.jpg,""
media/DA4ED140-675E-4A26-AD39-8A1F780DDB66.jpg,""
media/145BD022-EE8B-425A-9393-EA90C218AC3F.jpg,""
media/44F3AC7C-C684-4AB7-87E9-C0168ED3B302.jpg,""
media/2A0DF95C-E544-4898-999E-ED8903C9D38B.jpg,""
media/97BEFDB2-4D41-401E-8628-B7A264A2A525.mp4,""
media/82076919-B3DD-4658-981E-9FAA3E00DB3E.jpg,""
media/E47A7618-D963-41FF-9D3F-75A1E2B97DC2.jpg,""
media/3733D11D-F15B-42F7-83F2-311456CEA3D9.jpg,""
media/3AAE9FC3-BA38-4765-8AA7-7FBE88C1F557.jpg,""
media/A661EC0C-611E-4B1F-9FC7-DB83DED9FCAC.jpg,""
media/0A41999F-FF7C-49A3-B3EC-22E38DE29AE1.jpg,""
media/37722FEC-F46E-40F2-812B-81DF11BCDCB1.jpg,""
media/9E688DB8-CCF6-4AE0-8EC0-DAE6A51CE505.jpg,""
media/3DD0918B-B891-4ABE-9FBB-9C4DF7D7D388.jpg,""
media/31F461C9-F29F-4C44-8DD1-0E6105BA4270.jpg,""
media/2ADB992F-2ACA-4F24-8073-5A740101D5D7.jpg,""
media/ED8D2A63-6797-41A8-95D0-F2C082437998.jpg,""
media/A64D89AF-5EC4-48BF-A957-EBE81355DD33.jpg,""
media/6FC9785A-5536-49EF-8694-CC56C6830863.jpg,""
media/A1586C37-FA51-42CF-97B1-E1AB02870F55.jpg,""
media/2F1BDF2A-4A0B-46DA-87BF-AF0677BBC010.jpg,""
media/B4AB85A2-FD47-4CA6-917F-AD9E14D9964E.jpg,""
media/53ADD14F-15B1-42CF-8668-D6C431589E15.jpg,""
media/9A655EB6-514D-4478-ADB6-08F31D91B5C9.jpg,""
media/7118D44E-1640-4818-BC78-1D1C9799358D.jpg,""
media/14FF7C9C-47B7-44FD-A76B-6AFA426A97C5.jpg,""
media/07A44179-E662-40BF-8AC3-16EC4009C25D.jpg,""
media/16211123-FC66-46B0-9350-1961C10C5B2A.jpg,""
media/78A56BD3-C899-4533-AA7C-44254EEAB879.jpg,""
media/602B49CC-0A2C-403E-9457-252674A7AA32.jpg,""
media/169DAB8D-6D15-4A4C-88B7-B73802882619.jpg,""
media/8ADED230-A68F-4A85-9A48-9BDD56CF078C.jpg,""
media/AAC22EB0-0113-44B0-A6E0-068279258884.jpg,""
media/77F03F59-3278-485E-B28E-35CCEB8F1372.jpg,""
media/625603BE-DE9B-47AE-8679-FAB6D2F92E91.jpg,""
media/5213548D-29F6-4A2F-AF5B-0BEDDB3E97CB.jpg,""
media/956A453C-984B-4AFC-B732-1E6C51836271.jpg,""
media/75DC86E1-00B4-4348-ABF7-0D4BF1983E31.jpg,""
media/2A6F3A82-48FD-4DA4-8E50-55693D0E64ED.mp4,""
media/E6536784-1CCC-4E6A-92C6-33F12C51F252.jpg,""
media/31888A32-70E9-41EC-96AE-82163344A511.jpg,""
media/465B9CDE-EEAD-4D68-AEE8-6BFFD8817F92.jpg,""
media/0B09FBEF-9728-466D-A72B-B98D801C8FCB.jpg,""
media/BCD82E84-B06A-4882-82F9-6BBC14D4F4BC.jpg,""
media/F29ADE12-8B47-423B-906A-5A34C905F28D.mp4,""
media/4A88F925-1B7A-4A37-9C75-9B40C6A7C44C.jpg,""
media/E3F9F1E7-9D58-48DE-8195-8BF05F59F193.jpg,""
media/B6C9FBD3-F458-443F-AE46-CDBAB18F2E9F.jpg,""
media/08EB8556-D4F2-4B86-85AB-8C021A2535A3.jpg,""
media/AFCF82E7-1F08-4370-9541-F9CD3296DDFD.jpg,""
media/ECB136E0-F412-49C6-8990-5311D5D550D8.jpg,""
media/0CFA288C-732A-4694-974C-FDDB0A138677.jpg,""
media/EF03CEF1-9D21-4142-A603-F155E3BF1D55.jpg,""
media/A2A72A80-C3FC-4EC4-82E8-EFED094E985F.jpg,""
media/be8054ce-6062-441f-9372-4833390720f6.jpg,""
media/09981899-2593-4534-a98b-0d7b6633b80f.jpg,""
media/497c926a-932c-4f7e-8790-3777e088870d.jpg,""
media/70c5c6c0-c0e0-4672-bc53-143ef420cf11.mp4,""
media/2a1d3905-4e84-4605-b0bc-bef6c8652328.jpg,""
media/6ff294f6-8066-4c91-a1fb-0ac149c74049.jpg,""
media/25e83f15-f29a-45e3-a30c-8fc1447bf21a.jpg,""
media/29d603f1-29ea-41a8-89e5-71875e16954e.jpg,""
media/4ab3da6a-a180-49f4-971b-0671b92058bb.jpg,""
media/32075a02-1c21-4fdd-b449-cb912b494dd3.jpg,""
media/7013d90d-841c-4bf8-8c4f-d2baf9a7078e.jpg,""
media/57ef81de-d5cc-4832-98e2-366ac1c163da.jpg,""
media/4c548ac9-2e7f-4dfe-a139-895c6efa41f5.jpg,""
media/f34db107-d57a-4e81-9c8f-8648e4f15506.jpg,""
media/03344fea-71f6-4a5d-9e12-d8b9a1d0fe85.jpg,""
media/8ed78194-f392-4646-a8a0-cf58ccf1f6e7.jpg,""
media/0714999a-0118-4787-aca3-46f067f91a20.jpg,""
media/61b95bb8-bd79-4866-ae17-bbd1bfad4d75.jpg,""
media/c3284c1c-a5ad-4727-ba0f-d4d65580131a.jpg,""
media/639792ec-8aaa-4565-8b3b-891ba334ac4f.jpg,""
media/66336155-b33c-4599-9921-a925808a91ec.jpg,""
media/ae88151b-25f0-462c-aa9c-b77c2bc5d836.jpg,""
media/a8699656-4d84-4999-a166-a29a06f7046b.jpg,""
media/19dcb8b1-ef46-4a06-8d0e-6a9ef6033af7.jpg,""
media/ca9cb4bf-0b58-4f31-8e71-d7508d5e0d60.jpg,""
media/1708d077-e036-4e1a-820e-4effe84bb846.jpg,""
media/6690ed72-f511-4286-872c-70215c72bae7.jpg,""
media/145a84aa-7c33-4749-9c73-d217ac3b77b6.jpg,""
media/6b2aec75-336e-4d98-b9a1-1954c6135a65.jpg,""
media/35f8b891-b67b-457e-8202-77c5cdef23ea.jpg,""
media/7b215b99-6da0-4cee-a2b6-8419413c728d.jpg,""
media/3e9155d3-9c06-44fb-b2e3-33dd5d767729.jpg,""
media/eb376000-0ea3-4b07-a7a9-a3b8383c02b7.jpg,""
media/694512c8-b191-4b4f-bcc9-ea67d27778e4.jpg,""
media/2bc8faef-e28c-471a-8884-964f9a96804a.jpg,""
media/cdd7a67b-616b-4cb4-881d-621e94845bbe.jpg,""
media/10af5819-d768-4250-b66d-46a113e3572d.jpg,""
media/717b5852-c1ff-43db-a9bf-82444ac720b7.jpg,""
media/703a92aa-c113-4113-96f8-1da4cda6f44f.jpg,""
media/6b86ff1c-9e10-43e2-92c7-13c36d838def.jpg,""
media/7a9fbbe4-cd0b-4306-8bce-86d24f2f0a86.jpg,""
media/98b64388-3690-4bf3-a1fe-2f245bfcab73.jpg,""
media/8e3e11cb-7557-4097-8359-31736c821edb.jpg,""
media/93fa6607-0dd6-4d41-8ffc-cbfc2f1e99b6.jpg,""
media/18e019bf-ebaf-44b7-b17a-9774de933b37.jpg,""
media/3eaf7ca9-c03b-46f3-ba47-124db4344916.jpg,""
media/4842436a-77eb-46dc-a708-0cd04f7b7c00.jpg,""
media/8f9a3543-c8cf-464d-beec-3bc17536e376.jpg,""
media/b467dcdb-0ec0-4760-b2df-671e22566cf7.jpg,""
media/caae974c-b386-4e3a-9bdf-a813fa718fb3.jpg,""
media/404772e1-987f-49ce-86e9-cca958c075fe.jpg,""
media/f1f2c8a3-4458-4045-8fd0-baea443b2526.jpg,""
media/77c27d47-a473-45f3-84b4-529a1d0802f3.jpg,""
media/5c7227e6-59c7-431d-9179-c09ebc88b2c4.jpg,""
media/1640ee5d-488c-41cf-b21f-b558872307ac.jpg,""
media/793fe28b-b780-4a8f-8aa9-264ab2c75ffd.jpg,""
media/6abf881b-f65e-40b7-abdb-0ebd577f6005.jpg,""
media/5793f897-e4d6-4c41-a3b8-4c8c0f66bef0.jpg,""
media/24c59884-40d8-4d63-bbe2-e6144021d7a0.jpg,""
media/11ebddb1-0c7f-47af-a930-83998d058079.jpg,""
media/352e73f1-aec3-4777-95fc-19947c30c1f6.jpg,""
media/d997d8a4-d075-4248-8c0b-1a61c03b430b.jpg,""
media/a265fe8e-c468-4562-8276-a764a845f31f.jpg,""
media/0398574a-56c3-4224-ad65-b70e2ec17763.jpg,""
media/b865faf1-1e94-49a8-824e-83c3c01019be.jpg,""
media/a9fd3fa2-7e46-4b15-8f4b-341ce06d1571.jpg,""
media/651ef26e-e00d-4903-b7bb-03296c8b6166.jpg,""
media/cca5aead-beee-4dc9-b062-488a5469468e.jpg,""
media/abfb1bfb-7b41-4da6-aaa8-154714b40063.jpg,""
media/4c6b428f-d2bc-4568-a645-ba70057dacca.jpg,""
media/4cd437ef-a93d-4cee-b877-8331be91a24c.jpg,""
media/b4b35998-2a18-4451-ac22-e034fea808a5.jpg,""
media/827be49d-3161-4b72-a0e2-115b3e664071.jpg,""
media/eadfb5d6-ddb4-477a-852f-f7002a59167b.jpg,""
media/362698e5-1d64-4ff5-84c5-97b411309e91.jpg,""
media/cc7fb3aa-874b-4c3f-a61f-e3f0d12a30b1.jpg,""
media/1e22f139-1582-4134-b965-2a325e1e4012.jpg,""
media/55968b08-16bf-4350-a792-1466f645c7fd.jpg,""
media/80d8cde8-d7d6-44b0-ba6e-24ea61cc51d1.jpg,""
media/5a81a5b4-5912-4a11-8c32-e3b299f48226.jpg,""
media/dabf6943-7dc4-4b8b-b014-fc411c19c4e3.jpg,""
media/009e13d4-c568-4031-ac7e-fc8866ef9aef.jpg,""
media/d968f560-5b45-4eea-8be1-851bd41a371b.jpg,""
media/260a790b-2924-4e67-b074-107282757580.jpg,""
media/b1755f1e-8905-4232-9f23-0cfdfeae12e8.jpg,""
media/16356e0b-1349-4bd3-80fa-d3a688d306ea.jpg,""
media/df9b7585-b158-470d-b186-67f3720745a1.jpg,""
media/e586751b-a714-4fac-8668-a829703077db.mp4,""
media/662bbb7c-d57d-4a8a-9938-690d0a0b1062.jpg,""
media/f81ecc31-6ae0-4b47-bfb5-2cab123a0e94.jpg,""
media/98e7d8fa-4e38-4f6d-a28a-1d9957986127.jpg,""
media/d93afc63-c28d-4cbb-8ad9-3ab86f961e0b.jpg,""
media/7a49510d-361b-40d6-a2d6-a3277198d236.jpg,""
media/e53b0aac-7bc6-4105-b159-5b6a4cb7e843.jpg,""
media/c230085a-b62c-4e6e-b3fd-002a61d6bce0.jpg,""
media/8841a663-95aa-49de-a0ff-d045647f66a3.jpg,""
media/9c2bda4d-4082-4d77-a50c-ff63595834b3.jpg,""
media/defd420e-8dbb-4472-a3f7-8447c7885aaa.jpg,""
media/4e65f8e0-5920-4b5b-9ad3-2198d9ff4c3e.jpg,""
media/a5972563-323d-4c39-8708-0ab7f5fd74ae.jpg,""
media/f0393002-3945-42b3-93f1-f3dfd343d1c7.jpg,""
media/bd92a0fc-0e85-4b0a-a389-cda4ec508c7b.jpg,""
media/c8d9df47-d120-4940-a3e7-f6232ef5cff3.jpg,""
media/e30c143b-d1c4-46ca-bd42-df721528e916.jpg,""
media/cd4e1117-fc1d-4784-af4c-80a952a834d2.jpg,""
media/45a4015e-95f1-451d-8cc5-8ad3eb38a75d.jpg,""
media/f754e951-ad43-4845-8fb9-ad0805ee2314.jpg,""
media/a158f48c-a6db-4665-a523-a03b55a2a7e3.jpg,""
media/753f332c-5db2-4875-89f3-8c125980649e.jpg,""
media/83567c6e-bc78-486f-88b8-7f0fdeb33c0a.jpg,""
media/bc6eeb4f-9208-4715-8d02-d71a94bb8f26.jpg,""
media/efeff5e5-30f0-4837-ac3f-ac7866e0fae3.jpg,""
media/5940e6b3-87d2-40ed-bc22-062cd93b0c04.jpg,""
media/b42cbb05-d3e3-4501-9fbf-55564b2db9f9.jpg,""
media/bceb456a-7257-4ada-a833-ed088032ccd7.jpg,""
media/8d77f5e3-f55e-4fab-b15a-41f336b03e92.jpg,""
media/af9c43fa-149e-4a52-b35d-7d1b8e2b6877.jpg,""
media/c4b47f01-0653-4d59-a485-e5df1092ff8f.jpg,""
media/8149f271-3baa-4c18-a316-0def0ddef7e7.jpg,""
media/24166f10-5209-4adf-b4f3-fb840e087c76.jpg,""
media/1def623e-84c6-443d-8006-45845e691d2f.jpg,""
media/025a5c0b-8796-4855-b236-146533f042c9.jpg,""
media/a3f7368e-1ce9-4774-820c-14e88dbaed60.jpg,""
media/ae3bf4df-723d-46dc-ad01-25113f48941a.jpg,""
media/6141f615-4880-4812-8c53-90ced21082f5.jpg,""
media/3221a8e4-d18e-4f67-84c6-e7098160b3b2.jpg,""
media/74614e1b-7840-43a0-9061-e3792c8c64b3.jpg,""
media/511cc326-35d5-4083-a808-d87ffaf76552.jpg,""
media/54f7eed6-ed4e-4ddc-a36b-829f49346ef3.jpg,""
media/30656e6b-3d3f-4301-98cf-2c27380121b2.jpg,""
media/7e7089d6-1a6f-47c2-8362-2f2e805bf8ee.jpg,""
media/6c2f040b-4987-4bf2-bf2a-457b0b63fa26.jpg,""
media/c5ab6abb-c711-4fff-b443-9d484ba1e3c2.jpg,""
media/f4373a1c-9882-48fa-8696-53a1d481a5b8.jpg,""
media/2edd9cef-99e7-44c4-9f53-bd04c03ec1a2.jpg,""
media/c91e78f0-3737-417f-9a9f-314c14bc2ddb.jpg,""
media/43493065-482c-4e60-8143-63478d39f1c0.jpg,""
media/46f503a5-1dda-429a-b76e-2d114358b6f2.jpg,""
media/97bde5b4-1626-446b-96fb-eeab4bf3f161.jpg,""
media/496cd878-7ba8-46d4-b263-72cc11c14eca.jpg,""
media/38cbe700-30bc-4352-8aea-688e8ce68785.jpg,""
media/54d4e79b-30f2-4ce8-8c74-ecab5d1097f5.jpg,""
media/3d040d6e-ca7e-4581-a841-b8883a03b884.jpg,""
media/df2ee31f-e7b0-4a6a-ac06-16edd096bb0e.jpg,""
media/92745c81-115b-4f4e-ba67-276e5846d6f5.jpg,""
media/5c969bc6-accf-4bfa-8d70-42c8b81de425.jpg,""
media/8d60076f-34ce-446e-b57b-f4247d6fd96d.jpg,""
media/063dc10f-0aa9-4bfe-a45e-757d93d9a9bf.jpg,""
media/b8045f29-ecda-4e92-82c2-a38939a23354.jpg,""
media/fd41138f-58a3-408a-a314-9e876c2e8b02.jpg,""
media/71b4f195-5298-4eec-9732-4ce935efc85f.jpg,""
media/c1bf87bb-5b01-4118-a375-b4dfb36f7cba.jpg,""
media/240c92f9-a1af-4584-ba29-5505acac2720.jpg,""
media/387136ce-7090-4eca-ab11-3b95adf2858d.jpg,""
media/7426fa7d-9b79-4ff2-ab18-26c2aba5f305.jpg,""
media/23e97c7a-7c2f-44bb-9109-4d6b2d46f588.jpg,""
media/71e6c858-fddd-42a0-b5d2-d48c01ace914.jpg,""
media/9b34a543-c53e-4839-b847-76df878c4fb6.jpg,""
media/4d2e41e1-0020-4d49-a556-c86a39b9a1c1.jpg,""
media/88937bcb-720a-4b7b-8cf7-c93708b43e6a.jpg,""
media/8a71743d-b9f2-4516-9dd7-de648e03e731.jpg,""
media/98035b83-6767-4739-a86d-3710a0bb5763.jpg,""
media/7dfd11c6-6057-462f-aa6a-ec6ebbc002d3.jpg,""
media/b01abdaa-2d4e-4bcb-9b2d-3d805364883a.jpg,""
media/e922258a-06fe-4734-b516-8043fe986e70.jpg,""
media/e9676904-ad54-4347-af2f-a1f4f57d36eb.jpg,""
media/5eda0dec-00c6-4a17-bae0-25f6b308573a.jpg,""
media/bc2a5549-0010-443e-8dc3-a24062b31cd1.jpg,""
media/fb289e67-736f-424c-a22f-9acb4ec17b2b.jpg,""
media/af9e29a6-e1d8-4e9a-b55b-e08e33766f47.jpg,""
media/181b0bb1-e669-4b03-a617-986d07ea476c.jpg,""
media/d831a2bd-cd3d-4753-bf0d-95d7ca8e62b2.jpg,""
media/8a4c62b8-5a96-43a2-b570-d26052d11155.jpg,""
media/16346083-5fae-4805-8fa1-8d045426d9b1.jpg,""
media/3b669a74-d4a8-4e21-a853-ac76f2f3aedb.jpg,""
media/9b0d6802-edb8-40d0-87eb-fcf2226800ea.jpg,""
media/929e19bb-eccb-4ce9-b734-e15de17c0015.jpg,""
media/c5d46a18-3963-498d-88b4-0e6a83bed87a.jpg,""
media/7556905d-4098-4a02-bbf0-de2a0cdb5f2f.jpg,""
media/0320a0dd-aeb3-432a-8802-e06c6718f65f.jpg,""
media/b1aa7e6e-0550-4ec0-89a2-2cbb37458a76.jpg,""
media/a36e8664-37b9-49be-bd8b-4419cc031d66.jpg,""
media/8d35d16e-e122-4657-8be7-b278ea32a7b7.jpg,""
media/f8b767b2-71c2-4360-bfa2-216dac84c35f.jpg,""
media/e8c1b72c-c3c5-4080-b9ed-71b2ef17153c.jpg,""
media/18e33575-bc39-48d2-823a-9398325e4fb3.jpg,""
media/38d8826a-7901-443e-a85d-fcaf7b9110e2.jpg,""
media/942887e2-92bc-4cbb-87e5-d64a48f12ee0.mp4,""
media/6692ed00-341e-4fce-a58d-a575c50afe76.jpg,""
media/0ac635ac-1bf1-47c4-b13d-e6a99b08632c.jpg,""
media/b330c3d4-611c-452a-9a1c-140a95abb10c.jpg,""
media/6ed72532-802b-4142-a613-c86718ef0c7d.jpg,""
media/f96e26cb-dc0e-431a-9fe9-5b1ff2b081b6.jpg,""
media/9c3beebb-1637-4fd3-8cea-29982f59323e.jpg,""
media/89e8b2b1-d379-49c9-93b5-d34be6351204.jpg,""
media/1807287c-060c-489d-a666-90e47962185d.jpg,""
media/0ee3c02b-1818-4ad1-8988-33f1d0efd70f.jpg,""
media/e67dfbc5-91fb-4486-980e-e6d24ff09ded.jpg,""
media/9c51edfe-9d1a-4f84-bacf-e95632e3a4d5.jpg,""
media/fb4266cf-36f3-4055-83e6-36c13e7bde9e.jpg,""
media/230bd979-a843-4bb0-b08d-21cbbd9adec3.jpg,""
media/5c8a3478-f81a-4e39-b68e-d4334209cc81.jpg,""
media/9eda3ce8-57d3-4087-aab6-7262ee10cb46.jpg,""
media/c20d1de4-bb5f-46c6-b9cc-18284bbbcfc9.jpg,""
media/77492e7e-f1c5-403a-bd45-7d7af0af7a39.jpg,""
media/47c752e5-cec5-411e-a7b7-2fadfdedd618.jpg,""
media/0e1d32ff-e052-4a96-bcd9-e31886eab24c.jpg,""
media/e5d8a370-ca6d-47d8-89e1-1c42279aea94.jpg,""
media/00faf3f7-699f-4783-b43f-8b12976162a4.jpg,""
media/3ef7eed9-2fb2-4e32-a166-3f5259d8c46f.jpg,""
media/0d7b6666-c5aa-4fec-a87d-2429bff0d26b.jpg,""
media/d43c62b3-80a3-4bd6-8be3-8eff73a9ace6.jpg,""
media/931723bf-8399-47e4-9024-eb006fd50a18.jpg,""
media/1a23ba19-3a8d-44f9-beb7-c603cfccd293.jpg,""
media/6d89d531-a69f-42d6-81aa-668fc2662bcc.jpg,""
media/283ea4fc-de9c-4dff-b2eb-06ae66669dd0.jpg,""
media/5fa75cb5-9f56-4aa8-b757-49e16488faf6.jpg,""
media/4b025995-0006-45b2-a1a6-875f3013e632.jpg,""
media/b0c2fe66-f236-4e28-b625-9713127d1d66.jpg,""
media/ea0c598c-2748-42a8-aa8b-052b36a858b1.jpg,""
media/9f09f5a5-7243-4487-ba0a-fa7709d01b73.jpg,""
media/020e681b-bc92-4495-92cd-d09ef9108bf4.jpg,""
media/4dbe78c8-0029-4e86-ae09-86336d82a592.jpg,""
media/da55c8aa-869f-44b7-8fcb-3b8efb0eb207.jpg,""
media/12fcf117-927e-4c16-8e31-17e631efbf2e.jpg,""
media/143dea5e-2544-4609-b17c-541963817fb4.jpg,""
media/90326d00-be33-4fbc-8b1c-5dfc977e4795.jpg,""
media/0559ce71-497a-4f4f-a819-fbd4b0e4fd61.jpg,""
media/76ba799a-4a7f-4091-9147-df65229a9ca0.jpg,""
media/74f4d0ba-20eb-4f04-9e28-5cb08d4c2d0b.jpg,""
media/473f91b5-6c32-425d-a266-270adbc0eb0b.jpg,""
media/2ae4fd09-901b-4262-ad22-7cdd7b2fc4f7.jpg,""
media/fcd5ae44-8d2a-4c31-a607-b5980d00889b.jpg,""
media/6b9cae0f-da22-4628-819a-645178d01b46.jpg,""
media/617950ed-35ad-44e1-8576-850a605ea3b9.jpg,""
media/9e51c4c9-7cd4-49d3-b6ce-704f4d26997e.jpg,""
media/83a8d9aa-f7be-47a5-9e78-7459d41664ad.jpg,""
media/69a796fd-b5a3-4c4e-8975-4cc962e5a2ef.jpg,""
media/7512720f-bf64-46ca-b16d-33af1da9aea0.jpg,""
media/bca2f83e-2ba9-4513-883a-76780f7d2163.jpg,""
media/addb8271-41ec-45b3-a8d7-5314f28df4e5.jpg,""
media/63b78509-b7e6-47ec-bf7b-0eb55826cd96.jpg,""
media/127e49bf-f8a7-47eb-a760-9427ef169785.jpg,""
media/f0bb1ce6-5e00-4e0e-a601-a6201fc10b4e.jpg,""
media/641aa642-a1c8-40cb-87ee-c77f229411b0.jpg,""
media/23219f7d-8a2f-450c-a6c4-196056518fc9.jpg,""
media/015d554d-691b-4e8e-9c12-2a07caf6f220.jpg,""
media/59bd7446-29f4-4453-91b3-5aff5ed20dfb.jpg,""
media/9e6e8094-9a26-4ee7-957f-ecf63da7d665.jpg,""
media/acd6399a-ff26-456b-b09e-251bd8721705.jpg,""
media/f7306654-8ac7-4fdf-a821-bebffd8811b1.jpg,""
media/e33a78c5-8763-4731-bf16-ed3b70a1cfa0.jpg,""
media/e8dcf26a-8fcb-4648-bd11-bc5b94764be8.jpg,""
media/c918ab91-b515-4677-818e-6126be62a210.jpg,""
media/13474ef6-cca6-40b4-994b-28ca69c999a5.jpg,""
media/41daf605-de27-4a7a-b2d0-1c0399b2092c.jpg,""
media/e31ed2bc-5eba-45c5-94e9-955de0511bb1.jpg,""
media/343969aa-6161-4338-9b23-f34fd8c14192.jpg,""
media/49ad5d57-e692-456a-806e-5cd42867613b.jpg,""
media/ea1d59eb-0d03-42df-af44-7b12249ba21a.jpg,""
media/f5fd4336-4857-4045-8d01-12744eb727e4.jpg,""
media/034f76d1-ec62-4e14-87c4-1be925787d15.jpg,""
media/2b282ae3-91ff-40e8-9cd9-774f15da5564.jpg,""
media/4cdab634-2d3a-43a8-9fcb-6cbd132b2f3a.jpg,""
media/270f6832-bb13-4050-a6dc-5e1f7671ffaf.jpg,""
media/b21cee4c-c8fc-4f1b-9690-1aa16fa4445d.jpg,""
media/0c792ddd-5932-446d-ab38-4898bf44c2e1.jpg,""
media/be2ea5ea-6fbc-4d81-95d8-f10c6e76f072.jpg,""
media/eab93ea2-6f53-4f8b-a39c-ee6849af93ca.jpg,""
media/225f74ee-8faf-4ded-8895-795366009093.jpg,""
media/51f2f33b-b821-4ba4-b080-136dbb321d3c.jpg,""
media/e3e0461c-5162-47e9-9269-e3ce948c6701.jpg,""
media/18fede02-e0ae-4cb4-bbbb-d2d1ae61949d.jpg,""
media/f7569c6f-e20f-464c-99d6-5464c4d2a27a.jpg,""
media/7f0ae97a-a842-4b73-a271-f66d5674a6d7.jpg,""
media/554f5e09-1451-483a-a1ad-c8823ff02224.jpg,""
media/0d2d65de-a178-4287-b65b-968c3455ca6c.jpg,""
media/8bcef8df-649f-4c37-91b4-c2407cf5f35f.jpg,""
media/296975c6-f5f0-4d90-b2fe-fe31e27a2ec7.jpg,""
media/f2466602-df8b-4938-ba34-4a2a5205c948.jpg,""
media/7e33ffaa-f76e-43ee-8838-a6d31e852ea6.jpg,""
media/275d6d95-eb0e-425c-82c5-b1f4be3c06d9.jpg,""
media/af03eca8-fccb-4e5d-983c-e4011fe459ec.jpg,""
media/211d0706-48b2-4110-9799-75761aab754e.jpg,""
media/afaa4b3d-ab99-4431-8d79-745cd1cad111.jpg,""
media/7c085de9-549d-47dd-8765-e6f7f1542f0e.jpg,""
media/4ad566e9-16d8-46ce-855f-969a652d3275.jpg,""
media/5d40c4a0-70da-4c1e-85c7-e2e001e7bfbe.jpg,""
media/20fd0718-1333-478e-a306-8acd7dfdf1be.jpg,""
media/1a1166b7-6082-4734-a16c-15edf8057333.jpg,""
media/55dd1054-de1b-47b4-b04a-65e403504401.jpg,""
media/978a1912-18d6-44d7-a096-81328fcc6cf5.jpg,""
media/f2a87736-ca7f-4bf2-80de-bc6370eefe0b.jpg,""
media/7e26011b-fa69-4c1c-83e7-c658b78490b3.jpg,""
media/84d778c5-cb7a-41fa-b784-911511a197bc.jpg,""
media/167dd397-dbe9-4c08-923b-fd714ffa2d8a.jpg,""
media/5ab6ad8f-0186-496d-9a0e-155f05859666.jpg,""
media/2e1fc633-9983-4300-b72f-b29f1b10040c.jpg,""
media/b8011d26-00bc-4f75-8ba2-06ea4fedd9bf.jpg,""
media/3df5c149-611a-4516-88e6-f1ddc2208021.jpg,""
media/2df4be86-5e3f-45ef-abba-22348da99a86.jpg,""
media/48b1550b-c92e-4c01-a987-7a86c8cd400b.jpg,""
media/366d1646-ec88-4e4f-b962-90cbe30eaee3.jpg,""
media/49760040-666e-43dd-9d26-d101ea217034.jpg,""
media/c6d1306d-316d-421d-92f4-8ce4ff16ae69.jpg,""
media/0197a942-dc8f-4178-9edb-65e45238609d.jpg,""
media/e4d3fa4b-a92e-46fb-b8cc-8a27b6a7cb6c.jpg,""
media/e18e731d-da3e-4027-ad16-a0bc17a326ac.jpg,""
media/452dcad9-25bc-43a8-b4cf-7a1e1fd72add.jpg,""
media/a95586d2-a478-4f09-b6c2-389f17b6f8ae.jpg,""
media/31bf2c6f-6c5e-430c-9f1e-2e37d5f8df79.jpg,""
media/e5f6e4e2-0cfc-4ef1-82fb-9a3ce5fe89e3.jpg,""
media/2665aa47-4f21-4e5c-a257-ffb34196d175.jpg,""
media/840023d8-a264-4ebe-92d8-ef85f5a84989.jpg,""
media/3f176a7e-cc3e-4733-9e87-5de7bb8c7314.jpg,""
media/c3bcebaf-5a55-4d5f-94be-261a6c13cd5b.jpg,""
media/ef6dc373-98cc-4a8f-bb6d-b50e19e574e3.jpg,""
media/b02d38a4-acbe-472a-b495-405eecc25950.jpg,""
media/b0b2960e-386c-4b76-92e5-694dcc762265.jpg,""
media/9a657a5c-99b0-4962-add6-c9b8d7d63b4e.mp4,""
media/db306033-3b52-48da-98cc-d1caf6a9dd2c.jpg,""
media/3f036da4-40dc-4ff5-89e9-a6acc78bb492.jpg,""
media/2224812d-0fe4-4e06-b2d5-6fac4802d733.jpg,""
media/c936ecbf-d0f6-4ee9-8f72-55d94fd9f6e6.jpg,""
media/e46b38bf-89ce-428f-be46-72eacb83cfd3.jpg,""
media/aa302231-e79b-4ed0-a9da-b53b711463cb.jpg,""
media/27410ab9-108f-4845-b3f3-8b2298c09ec1.jpg,""
media/cfff8385-1776-4541-a981-a395bf874bb7.jpg,""
media/9b0affa5-a59d-4f96-a258-641b34dbe5d5.jpg,""
media/b072b512-a88c-4d47-9982-eed651cbfa79.mp4,""
media/d2c22645-572a-4aad-a135-7f40e17a501b.jpg,""
media/33a6e693-230e-4c11-9199-9e547ce3b53e.jpg,""
media/c8514080-d422-4be4-95c5-155524b24266.jpg,""
media/1c6324be-3fb1-4ef8-8d06-05da4fb35c79.jpg,""
media/bda29263-6490-434c-845a-e1d3f5fe6f25.jpg,""
media/0450cae6-f42b-4357-a86c-0e7e913b6a0c.jpg,""
media/d9ac3e90-0f6c-4c08-ab1b-dbb4ca70a730.jpg,""
media/0553867f-8b67-4605-a160-64c4f309d817.jpg,""
media/c2647be4-2052-492c-bd21-790fd884a6c3.jpg,""
media/10901743-7c3a-4aba-b076-b55783b5f847.jpg,""
media/50c48780-e08e-4734-a849-13cc89a5ec82.jpg,""
media/06b4116f-9189-4a10-9ac9-a851fd215efc.jpg,""
media/ed987caa-eeb4-46f1-971f-e62169676715.jpg,""
media/6f1d3f44-7571-4510-ac88-feef6618aec5.jpg,""
media/c4531120-97a6-4e1d-a3f5-a9163729014e.jpg,""
media/eb5f0b5d-7cf8-4f90-bc65-f41ae8dae4ab.jpg,""
media/0c8f9506-92dd-44df-be14-4916dc9fdc61.jpg,""
media/0ae18753-f5bb-445c-bf49-52f73c43f6bd.jpg,""
media/7113670b-e562-44f6-9fd8-f3b0e1716474.jpg,""
media/33a0978d-fbc3-42fc-93b0-b4d69ee51d8a.jpg,""
media/cd164fbb-b124-4594-9204-825f3dd04b50.jpg,""
media/a4d988d5-4519-434f-8d9d-fb1337a618e0.jpg,""
media/ee032854-6c6d-484d-add3-0b7222b335fd.jpg,""
media/e343cb5d-986d-4efd-91de-afcc9c7df291.jpg,""
media/b2bdc868-b34b-45d3-9637-8f1047f684f6.jpg,""
media/6ee1f800-287e-4b48-9a5a-04fabc4c44bf.jpg,""
media/c3f02036-a65e-443d-9c9d-9d1c0974cf66.jpg,""
media/1b2df122-f18d-437f-b7ac-92dffcdbe99f.jpg,""
media/c53b513b-a7c4-474e-bfba-e556b3ed7c82.jpg,""
media/f6955794-249d-486e-ac19-a4c5ae8c8f71.jpg,""
media/100f2d11-3f18-41db-9c64-7c985ea22316.jpg,""
media/35f67056-3913-4a22-a32b-9ee1bb2298d9.jpg,""
media/c3c0b13a-0f38-4959-8e2d-bf375dc26c84.jpg,""
media/be086f91-f54c-4ddf-b839-03e8660b3d79.jpg,""
media/4d224e5b-7760-4fa0-a021-d00ceea85f4c.jpg,""
media/d9d22c5d-3f58-40ff-ada1-4d4a35957ce5.jpg,""
media/af4ee473-7bd2-43e8-a41b-6b2910d55cc1.jpg,""
media/4e308f71-3747-469b-8ed6-2d9dd29f1c1f.jpg,""
media/c684ef98-98cf-430e-97a8-8b557291fb9b.jpg,""
media/074ab088-d593-41d3-b615-f3dc255eef26.jpg,""
media/bdc25aa0-8e28-44d2-bf50-4033c944e56c.jpg,""
media/fecfa5f8-9537-4a7f-872c-6cb820151f1a.jpg,""
media/6282b61a-c4e1-4ad6-a08f-4d8f9a2fe367.jpg,Muito frio... Foi somente no foco mesmo! üí™üèΩ
media/6804663d-5063-4539-9cb6-6fb11444ef5e.jpg,""
media/9d6abac7-9200-4120-ab5c-50a744a01b8d.jpg,""
media/49a214a7-1bbc-40c2-bd6e-9bc773163c2c.jpg,""
media/6a7c2593-f958-488a-acaf-cb30c3e17545.jpg,""
media/3c8f1f44-a54b-4c37-a9ec-269a8a99c29b.jpg,""
media/5d34cf7a-cfe9-48d0-b00e-e5977f3ae2ad.jpg,""
media/35f8ccc0-67ec-4a6f-965d-5b94434642bb.jpg,""
media/209e0e41-11ff-4337-87c6-1a530b985f77.jpg,""
media/749708fa-46a2-4444-8372-642d923b1200.jpg,""
media/35528846-d9ac-4850-8275-9c834af52bf0.jpg,""
media/5d5a4454-d429-431f-bbd8-a682217548ab.jpg,""
media/a6865c1d-957b-46d1-9966-95bacbca4982.jpg,""
media/1d3782b6-8e3b-4612-8ef0-7bc814d0eb68.jpg,""
media/e9d7c1d4-4dc9-4f83-9ea2-b5d3e19f9d65.jpg,""
media/ba9e2956-8f11-42d8-8e35-a19506376190.jpg,""
