Promotion Seen,Timestamp
FeedFollowOptionCoachmark,1671407306
GapActivityDetailUpsell,1682961682
GapActivityDetailFeatureEd,1684358941
GapActivityDetailFeatureEd,1684494915
GapActivityDetailFeatureEd,1684605437
NsfDismissed,1684457180
EvergreenStatsShareFeatureEd,1688562594
NavigationTabHome,1671406424
NavigationTabYou,1677099803
NavigationTabYouProgress,1671406493
NavigationTabYouActivities,1671406495
NavigationTabYouProfile,1671406498
NavigationTabMapsSegments,1671406449
NavigationTabMapsRoutes,1671406442
NavigationTabMapsSaved,1671406453
NavigationTabGroupsChallenges,1671406488
NavigationTabGroupsClubs,1683341300
ActivityDetailsLeaderboardQualityCoachmark,1685627380
ActivityDetailsLeaderboardQualityCoachmark,1685627834
RecordScreenBeaconCoachmark,1685055872
MapSettingsPersonalHeatmapCoachmark,1657505539
MapSettingsButtonPersonalHeatmapFeatureEd,1685627628
MapVisibilityFeedCoachmarkImpression,1675116577
MapVisibilityFeedCoachmarkOrModalDismissed,1675116586
MapVisibilityRowReinforcementImpression,1675232391
MapVisibilityRowReinforcementImpression,1675408860
MapVisibilityRowReinforcementImpression,1675408861
MapVisibilityRowReinforcementImpression,1676648933
MapVisibilityRowReinforcementImpression,1676648934
MapVisibilityRowReinforcementImpression,1677076394
MapVisibilityActivityCoachmarkImpression,1679091947
MapVisibilityActivityCoachmarkDismissed,1679091964
WelcomeBackKudosCoachmarkImpression,1671407306
WelcomeBackKudosCoachmarkImpression,1671407307
WelcomeBackKudosCoachmarkImpression,1691436360
WelcomeBackKudosCoachmarkImpression,1691454171
WelcomeBackKudosCoachmarkImpression,1691454190
WelcomeBackKudosCoachmarkImpression,1691530425
WelcomeBackKudosCoachmarkImpression,1691673648
WelcomeBackKudosCoachmarkImpression,1691674140
WelcomeBackKudosCoachmarkImpression,1691675611
WelcomeBackKudosCoachmarkImpression,1691782153
WelcomeBackKudosCoachmarkImpression,1692014884
WelcomeBackKudosCoachmarkImpression,1692018029
WelcomeBackKudosCoachmarkImpression,1692019462
WelcomeBackKudosCoachmarkImpression,1698078609
WelcomeBackKudosCoachmarkImpression,1698078771
WelcomeBackKudosCoachmarkImpression,1698944859
WelcomeBackKudosCoachmarkImpression,1698951533
WelcomeBackKudosCoachmarkImpression,1699010469
WelcomeBackKudosCoachmarkImpression,1699053103
WelcomeBackKudosCoachmarkImpression,1699108058
WelcomeBackKudosCoachmarkImpression,1699119513
WelcomeBackKudosCoachmarkImpression,1699182255
WelcomeBackKudosCoachmarkImpression,1707850439
WelcomeBackKudosCoachmarkImpression,1707932838
WelcomeBackKudosCoachmarkImpression,1707957015
WelcomeBackKudosCoachmarkImpression,1707957750
WelcomeBackKudosCoachmarkImpression,1710126432
WelcomeBackKudosCoachmarkImpression,1710129753
WelcomeBackKudosCoachmarkImpression,1710155898
WelcomeBackKudosCoachmarkImpression,1726739391
WelcomeBackKudosCoachmarkImpression,1726740142
WelcomeBackKudosCoachmarkImpression,1726786165
RouteFromActivityMoreOptionsButtonCoachmark,1677099771
RouteFromActivitySaveButtonCoachmark,1682961745
MapVisibilitySettingCogCoachmark,1675130888
MapVisibilityNewLabelCoachmark,1675130890
MapVisibilitySettingRowCoachmark,1675130892
Map3dEducationVisibility,1657505539
RouteLongPressCoachmark,1657505543
WinbackNotificationSeen,1672964958
WinbackNotificationSeen,1692988759
WinbackNotificationSeen,1697892523
WinbackNotificationSeen,1698584503
WinbackNotificationSeen,1710105588
WinbackNotificationSeen,1726622800
MentionsSettingCogCoachmark,1657505433
MentionsNewLabelCoachmark,1671406935
MentionsSettingRowCoachmark,1671406935
DirtSportsSportPicker,1657505545
DirtSportsSportPicker,1671406323
DirtSportsSportPicker,1671407238
DirtSportsGoals,1705237366
DirtSportsGoals,1705864675
MapsTabDirtSports,1684362830
Tdf2022FeedFollow,1657505423
MapsTabDirtFirstTimeExperienceFree,1679071545
OfflineMapsFirstTimeExperience,1671406443
OfflineMapsFirstTimeExperience,1684457335
OfflineMapsFirstTimeExperience,1684457372
OfflineMapsFirstTimeExperience,1684457411
OfflineMapsFirstTimeExperience,1684457424
OfflineMapsFirstTimeExperience,1684457466
OfflineMapsFirstTimeExperience,1684457471
OfflineMapsFirstTimeExperience,1685672579
OfflineMapsFirstTimeExperience,1685672645
OfflineMapsFirstTimeExperience,1685672682
OfflineMapsFirstTimeExperience,1685672688
OfflineMapsFirstTimeExperience,1685672708
OfflineMapsFirstTimeExperience,1685672714
OfflineMapsFirstTimeExperience,1685672725
OfflineMapsFirstTimeExperience,1685672728
OfflineMapsFirstTimeExperience,1685672740
OfflineMapsFirstTimeExperience,1686051018
OfflineMapsFirstTimeExperience,1689112134
OfflineMapsFirstTimeExperience,1690038700
OfflineMapsFirstTimeExperience,1690761180
OfflineMapsFirstTimeExperience,1690761323
OfflineMapsFirstTimeExperience,1692061892
OfflineMapsFirstTimeExperience,1693677811
OfflineMapsFirstTimeExperience,1695202336
OfflineMapsFirstTimeExperience,1695202397
OfflineMapsFirstTimeExperience,1695202426
OfflineMapsFirstTimeExperience,1695202449
OfflineMapsFirstTimeExperience,1695202453
OfflineMapsFirstTimeExperience,1695202484
OfflineMapsFirstTimeExperience,1695202493
OfflineMapsFirstTimeExperience,1695202499
OfflineMapsFirstTimeExperience,1695202512
OfflineMapsFirstTimeExperience,1695202518
OfflineMapsFirstTimeExperience,1695202522
OfflineMapsFirstTimeExperience,1695202527
OfflineMapsFirstTimeExperience,1695202534
OfflineMapsFirstTimeExperience,1695202539
OfflineMapsFirstTimeExperience,1695202604
OfflineMapsFirstTimeExperience,1695202616
OfflineMapsFirstTimeExperience,1695202625
OfflineMapsFirstTimeExperience,1695202632
OfflineMapsFirstTimeExperience,1695202642
OfflineMapsFirstTimeExperience,1695202704
OfflineMapsFirstTimeExperience,1695202915
OfflineMapsFirstTimeExperience,1695205130
OfflineMapsFirstTimeExperience,1709968826
OfflineMapsFirstTimeExperience,1711224423
OfflineMapsFirstTimeExperience,1711224507
OfflineMapsFirstTimeExperience,1711300745
OfflineMapsFirstTimeExperience,1711317636
OfflineMapsFirstTimeExperience,1711324185
OfflineMapsFirstTimeExperience,1711498325
OfflineMapsFirstTimeExperience,1711498597
OfflineMapsFirstTimeExperience,1711501496
OfflineMapsFirstTimeExperience,1711654093
OfflineMapsFirstTimeExperience,1711945096
OfflineMapsFirstTimeExperience,1711961897
OfflineMapsFirstTimeExperience,1712007064
VideoNotificationMonthlySoftLimit,1702461394
VideoNotificationHardLimit,1702461394
VideoNotificationHardLimit,1713870184
FollowingFeedDoradoCooldown,1676648932
FollowingFeedDoradoCooldown,1676648933
FollowingFeedDoradoCooldown,1677076393
FollowingFeedDoradoCooldown,1677076394
FollowingFeedDoradoCooldown,1677097988
FollowingFeedDoradoCooldown,1677097989
FollowingFeedDoradoCooldown,1677097992
FollowingFeedDoradoCooldown,1677097993
FollowingFeedDoradoCooldown,1677099785
FollowingFeedDoradoCooldown,1677099791
FollowingFeedDoradoCooldown,1677099792
NavigationTabYouEdu,1671406493
NavigationTabMapsEdu,1671406443
NavigationTabGroupsEdu,1671406488
NewVarietySports,1671406323
NewVarietySports,1671407238
NewVarietySports,1675232413
FollowModeCoachmark,1671407238
WebMediaUploaderFeatureEd,1686251322
WebMediaUploaderFeatureEd,1686251334
WebMediaUploaderFeatureEd,1686251515
WebMediaUploaderFeatureEd,1686251551
WebMediaUploaderFeatureEd,1686251595
WebMediaUploaderFeatureEd,1687831579
WebMediaUploaderFeatureEd,1691673902
WebMediaUploaderFeatureEd,1692015210
WebMediaUploaderFeatureEd,1692983897
WebMediaUploaderFeatureEd,1692983938
WebMediaUploaderFeatureEd,1692983964
WebMediaUploaderFeatureEd,1692984025
WebMediaUploaderFeatureEd,1692984077
WebMediaUploaderFeatureEd,1694450241
WebMediaUploaderFeatureEd,1694450434
WebMediaUploaderFeatureEd,1694450469
WebMediaUploaderFeatureEd,1695583285
WebMediaUploaderFeatureEd,1695918683
WebMediaUploaderFeatureEd,1697675036
WebMediaUploaderFeatureEd,1697675713
WebMediaUploaderFeatureEd,1697741023
WebMediaUploaderFeatureEd,1697741166
WebMediaUploaderFeatureEd,1697741188
WebMediaUploaderFeatureEd,1698078698
WebMediaUploaderFeatureEd,1698266880
WebMediaUploaderFeatureEd,1698754035
WebMediaUploaderFeatureEd,1698837881
WebMediaUploaderFeatureEd,1698951896
WebMediaUploaderFeatureEd,1698951908
WebMediaUploaderFeatureEd,1698951918
WebMediaUploaderFeatureEd,1698952473
WebMediaUploaderFeatureEd,1699031678
WebMediaUploaderFeatureEd,1699271185
WebMediaUploaderFeatureEd,1699271225
WebMediaUploaderFeatureEd,1699385585
WebMediaUploaderFeatureEd,1699446229
WebMediaUploaderFeatureEd,1699529671
WebMediaUploaderFeatureEd,1699617515
WebMediaUploaderFeatureEd,1699617531
WebMediaUploaderFeatureEd,1700441334
WebMediaUploaderFeatureEd,1700441400
WebMediaUploaderFeatureEd,1700483481
WebMediaUploaderFeatureEd,1700483689
WebMediaUploaderFeatureEd,1702294129
WebMediaUploaderFeatureEd,1702379816
WebMediaUploaderFeatureEd,1702485261
WebMediaUploaderFeatureEd,1702555400
WebMediaUploaderFeatureEd,1702555500
WebMediaUploaderFeatureEd,1702555545
WebMediaUploaderFeatureEd,1702659288
WebMediaUploaderFeatureEd,1703089769
WebMediaUploaderFeatureEd,1703178989
WebMediaUploaderFeatureEd,1703263188
WebMediaUploaderFeatureEd,1703370653
WebMediaUploaderFeatureEd,1703608832
WebMediaUploaderFeatureEd,1703721315
WebMediaUploaderFeatureEd,1704215430
WebMediaUploaderFeatureEd,1704215561
WebMediaUploaderFeatureEd,1704215663
WebMediaUploaderFeatureEd,1704476384
WebMediaUploaderFeatureEd,1704715448
WebMediaUploaderFeatureEd,1704758017
WebMediaUploaderFeatureEd,1704758109
WebMediaUploaderFeatureEd,1704819405
WebMediaUploaderFeatureEd,1704904859
WebMediaUploaderFeatureEd,1704904868
WebMediaUploaderFeatureEd,1704904883
WebMediaUploaderFeatureEd,1704904940
WebMediaUploaderFeatureEd,1704904971
WebMediaUploaderFeatureEd,1704904985
WebMediaUploaderFeatureEd,1705079909
WebMediaUploaderFeatureEd,1705405062
WebMediaUploaderFeatureEd,1705491706
WebMediaUploaderFeatureEd,1706646050
WebMediaUploaderFeatureEd,1707395618
WebMediaUploaderFeatureEd,1708007202
WebMediaUploaderFeatureEd,1708007401
WebMediaUploaderFeatureEd,1708521442
WebMediaUploaderFeatureEd,1708604406
WebMediaUploaderFeatureEd,1708608701
WebMediaUploaderFeatureEd,1708689367
WebMediaUploaderFeatureEd,1708956493
WebMediaUploaderFeatureEd,1709207793
WebMediaUploaderFeatureEd,1709207934
WebMediaUploaderFeatureEd,1709207946
WebMediaUploaderFeatureEd,1709429209
WebMediaUploaderFeatureEd,1709429376
WebMediaUploaderFeatureEd,1709429402
WebMediaUploaderFeatureEd,1709554522
WebMediaUploaderFeatureEd,1709554601
WebMediaUploaderFeatureEd,1709554609
WebMediaUploaderFeatureEd,1709656265
WebMediaUploaderFeatureEd,1710551104
WebMediaUploaderFeatureEd,1710551192
WebMediaUploaderFeatureEd,1711482141
WebMediaUploaderFeatureEd,1713018241
WebMediaUploaderFeatureEd,1716822062
WebMediaUploaderFeatureEd,1717155933
WebMediaUploaderFeatureEd,1719228362
WebMediaUploaderFeatureEd,1721484038
WebMediaUploaderFeatureEd,1722858869
WebMediaUploaderFeatureEd,1722859018
WebMediaUploaderFeatureEd,1722862129
WebMediaUploaderFeatureEd,1724199602
WebMediaUploaderFeatureEd,1724199716
WebMediaUploaderFeatureEd,1724199788
WebMediaUploaderFeatureEd,1724199850
WebMediaUploaderFeatureEd,1724199876
WebMediaUploaderFeatureEd,1724199961
WebMediaUploaderFeatureEd,1724365378
WebMediaUploaderFeatureEd,1724625390
WebMediaUploaderFeatureEd,1724625400
WebMediaUploaderFeatureEd,1724625408
WebMediaUploaderFeatureEd,1724625415
WebMediaUploaderFeatureEd,1724625422
WebMediaUploaderFeatureEd,1724625430
WebMediaUploaderFeatureEd,1724625438
WebMediaUploaderFeatureEd,1724625458
WebMediaUploaderFeatureEd,1724625466
WebMediaUploaderFeatureEd,1726501394
WebMediaUploaderFeatureEd,1726501405
WebMediaUploaderFeatureEd,1726501413
WebMediaUploaderFeatureEd,1726501422
WebMediaUploaderFeatureEd,1726501432
WebMediaUploaderFeatureEd,1726501440
WebMediaUploaderFeatureEd,1726501448
WebMediaUploaderFeatureEd,1726501455
WebMediaUploaderFeatureEd,1726501462
WebMediaUploaderFeatureEd,1726501470
WebMediaUploaderFeatureEd,1726501478
WebMediaUploaderFeatureEd,1726501487
WebMediaUploaderFeatureEd,1726501495
WebMediaUploaderFeatureEd,1726501501
WebMediaUploaderFeatureEd,1726501507
WebMediaUploaderFeatureEd,1726501513
WebMediaUploaderFeatureEd,1726501519
WebMediaUploaderFeatureEd,1726501525
WebMediaUploaderFeatureEd,1726501592
WebMediaUploaderFeatureEd,1726501608
WebMediaUploaderFeatureEd,1726501614
WebMediaUploaderFeatureEd,1726501628
WebMediaUploaderFeatureEd,1726501637
WebMediaUploaderFeatureEd,1726501644
WebMediaUploaderFeatureEd,1726501651
WebMediaUploaderFeatureEd,1726501657
WebMediaUploaderFeatureEd,1726501664
WebMediaUploaderFeatureEd,1726501670
WebMediaUploaderFeatureEd,1726501782
WebMediaUploaderFeatureEd,1726501789
WebMediaUploaderFeatureEd,1726501798
WebMediaUploaderFeatureEd,1726501805
WebMediaUploaderFeatureEd,1726501833
WebMediaUploaderFeatureEd,1726501840
WebMediaUploaderFeatureEd,1726501849
WebMediaUploaderFeatureEd,1726501859
WebMediaUploaderFeatureEd,1726501866
WebMediaUploaderFeatureEd,1726501873
WebMediaUploaderFeatureEd,1726501884
WebMediaUploaderFeatureEd,1726501890
WebMediaUploaderFeatureEd,1726501896
WebMediaUploaderFeatureEd,1726501902
WebMediaUploaderFeatureEd,1726501908
WebMediaUploaderFeatureEd,1726501920
WebMediaUploaderFeatureEd,1726501928
WebMediaUploaderFeatureEd,1726501934
WebMediaUploaderFeatureEd,1726501941
WebMediaUploaderFeatureEd,1726502074
WebMediaUploaderFeatureEd,1726502089
WebMediaUploaderFeatureEd,1726502105
WebMediaUploaderFeatureEd,1726502112
WebMediaUploaderFeatureEd,1726502117
WebMediaUploaderFeatureEd,1726502124
WebMediaUploaderFeatureEd,1726502133
WebMediaUploaderFeatureEd,1726502146
WebMediaUploaderFeatureEd,1726502189
WebMediaUploaderFeatureEd,1726502194
WebMediaUploaderFeatureEd,1726502202
WebMediaUploaderFeatureEd,1726502208
WebMediaUploaderFeatureEd,1726502215
WebMediaUploaderFeatureEd,1726502224
WebMediaUploaderFeatureEd,1726502230
WebMediaUploaderFeatureEd,1726502237
WebMediaUploaderFeatureEd,1726502242
WebMediaUploaderFeatureEd,1726502248
WebMediaUploaderFeatureEd,1726502255
WebMediaUploaderFeatureEd,1726502261
WebMediaUploaderFeatureEd,1726502268
WebMediaUploaderFeatureEd,1726502274
WebMediaUploaderFeatureEd,1726502279
WebMediaUploaderFeatureEd,1726502292
WebMediaUploaderFeatureEd,1726502299
WebMediaUploaderFeatureEd,1726502306
WebMediaUploaderFeatureEd,1726502312
WebMediaUploaderFeatureEd,1726502322
WebMediaUploaderFeatureEd,1726502332
WebMediaUploaderFeatureEd,1726502339
WebMediaUploaderFeatureEd,1726502347
WebMediaUploaderFeatureEd,1726502353
WebMediaUploaderFeatureEd,1726502359
WebMediaUploaderFeatureEd,1726502365
WebMediaUploaderFeatureEd,1726502371
WebMediaUploaderFeatureEd,1726502377
WebMediaUploaderFeatureEd,1726502382
WebMediaUploaderFeatureEd,1726502395
WebMediaUploaderFeatureEd,1726502402
WebMediaUploaderFeatureEd,1726502408
WebMediaUploaderFeatureEd,1726502414
WebMediaUploaderFeatureEd,1726502422
WebMediaUploaderFeatureEd,1726509398
WebMediaUploaderFeatureEd,1726509424
WebMediaUploaderFeatureEd,1726796820
WebMediaUploaderFeatureEd,1726796833
WebMediaUploaderFeatureEd,1726796841
WebMediaUploaderFeatureEd,1726796848
WebMediaUploaderFeatureEd,1726796856
WebMediaUploaderFeatureEd,1726796864
WebMediaUploaderFeatureEd,1726796872
WebMediaUploaderFeatureEd,1726796878
WebMediaUploaderFeatureEd,1726796881
WebMediaUploaderFeatureEd,1726796888
WebMediaUploaderFeatureEd,1726796895
WebMediaUploaderFeatureEd,1726796901
WebMediaUploaderFeatureEd,1726796907
WebMediaUploaderFeatureEd,1726796914
WebMediaUploaderFeatureEd,1726796922
WebMediaUploaderFeatureEd,1726796972
WebMediaUploaderFeatureEd,1726796980
WebMediaUploaderFeatureEd,1726796988
WebMediaUploaderFeatureEd,1726796994
WebMediaUploaderFeatureEd,1726797001
WebMediaUploaderFeatureEd,1726797009
WebMediaUploaderFeatureEd,1726797015
WebMediaUploaderFeatureEd,1726797022
WebMediaUploaderFeatureEd,1726797031
WebMediaUploaderFeatureEd,1726797039
WebMediaUploaderFeatureEd,1726797048
WebMediaUploaderFeatureEd,1726797056
WebMediaUploaderFeatureEd,1726797063
WebMediaUploaderFeatureEd,1726797069
WebMediaUploaderFeatureEd,1726797076
WebMediaUploaderFeatureEd,1726797087
WebMediaUploaderFeatureEd,1726797094
WebMediaUploaderFeatureEd,1726797099
WebMediaUploaderFeatureEd,1726797105
WebMediaUploaderFeatureEd,1726797112
WebMediaUploaderFeatureEd,1726797180
WebMediaUploaderFeatureEd,1726797187
WebMediaUploaderFeatureEd,1726797193
WebMediaUploaderFeatureEd,1726797199
WebMediaUploaderFeatureEd,1726797206
WebMediaUploaderFeatureEd,1726797212
WebMediaUploaderFeatureEd,1726797218
WebMediaUploaderFeatureEd,1726797223
WebMediaUploaderFeatureEd,1726797230
WebMediaUploaderFeatureEd,1726797236
WebMediaUploaderFeatureEd,1726797241
WebMediaUploaderFeatureEd,1726797256
WebMediaUploaderFeatureEd,1726797262
WebMediaUploaderFeatureEd,1726797268
WebMediaUploaderFeatureEd,1726797273
WebMediaUploaderFeatureEd,1726797279
WebMediaUploaderFeatureEd,1726797285
WebMediaUploaderFeatureEd,1726797299
WebMediaUploaderFeatureEd,1726797305
WebMediaUploaderFeatureEd,1726797311
WebMediaUploaderFeatureEd,1726797317
WebMediaUploaderFeatureEd,1726797323
WebMediaUploaderFeatureEd,1726797330
WebMediaUploaderFeatureEd,1726797429
WebMediaUploaderFeatureEd,1726797437
WebMediaUploaderFeatureEd,1726797444
WebMediaUploaderFeatureEd,1726797450
WebMediaUploaderFeatureEd,1726797456
WebMediaUploaderFeatureEd,1726797465
WebMediaUploaderFeatureEd,1726797472
WebMediaUploaderFeatureEd,1726797479
WebMediaUploaderFeatureEd,1726797488
WebMediaUploaderFeatureEd,1726797496
WebMediaUploaderFeatureEd,1726797503
WebMediaUploaderFeatureEd,1726797509
WebMediaUploaderFeatureEd,1726797517
WebMediaUploaderFeatureEd,1726797524
WebMediaUploaderFeatureEd,1726797529
WebMediaUploaderFeatureEd,1726797535
WebMediaUploaderFeatureEd,1726797541
WebMediaUploaderFeatureEd,1726797546
WebMediaUploaderFeatureEd,1726797553
WebMediaUploaderFeatureEd,1726797564
WebMediaUploaderFeatureEd,1726797571
WebMediaUploaderFeatureEd,1726797576
WebMediaUploaderFeatureEd,1726797582
WebMediaUploaderFeatureEd,1726797588
WebMediaUploaderFeatureEd,1726797593
WebMediaUploaderFeatureEd,1726797599
WebMediaUploaderFeatureEd,1726797604
WebMediaUploaderFeatureEd,1726797612
WebMediaUploaderFeatureEd,1726797618
WebMediaUploaderFeatureEd,1726797624
WebMediaUploaderFeatureEd,1726797630
WebMediaUploaderFeatureEd,1726797731
WebMediaUploaderFeatureEd,1726797734
WebMediaUploaderFeatureEd,1726797741
WebMediaUploaderFeatureEd,1726797747
WebMediaUploaderFeatureEd,1726797753
WebMediaUploaderFeatureEd,1726797801
WebMediaUploaderFeatureEd,1726797809
WebMediaUploaderFeatureEd,1726797814
WebMediaUploaderFeatureEd,1726797820
WebMediaUploaderFeatureEd,1726797828
WebMediaUploaderFeatureEd,1726797834
WebMediaUploaderFeatureEd,1726797840
WebMediaUploaderFeatureEd,1726797845
WebMediaUploaderFeatureEd,1726797851
WebMediaUploaderFeatureEd,1726797856
WebMediaUploaderFeatureEd,1726797863
WebMediaUploaderFeatureEd,1726797870
WebMediaUploaderFeatureEd,1726797882
WebMediaUploaderFeatureEd,1726797888
WebMediaUploaderFeatureEd,1726797894
WebMediaUploaderFeatureEd,1726797899
WebMediaUploaderFeatureEd,1726797905
WebMediaUploaderFeatureEd,1726797911
WebMediaUploaderFeatureEd,1726797918
WebMediaUploaderFeatureEd,1726797924
WebMediaUploaderFeatureEd,1726797929
WebMediaUploaderFeatureEd,1726797935
WebMediaUploaderFeatureEd,1726797941
WebMediaUploaderFeatureEd,1726797947
WebMediaUploaderFeatureEd,1726797953
Yis2022Experience,1702849408
Yis2022Experience,1702919305
Yis2022Experience,1703115888
Yis2022Experience,1703458570
Yis2022Experience,1703680154
Yis2022Experience,1704102091
Yis2022Experience,1704102339
Yis2022Experience,1704231658
Yis2022Experience,1704947004
NewDecember2022Sports,1675232413
WebMediaUploaderFeatureEd2,1675116597
WebMediaUploaderFeatureEd2,1685029279
WebMediaUploaderFeatureEd2,1685029325
WebMediaUploaderFeatureEd2,1685032048
RouteRecommendationNotifications,1675501320
FollowingFeedDoradoCooldownSix,1682433961
FollowingFeedDoradoCooldownSix,1682433962
FollowingFeedDoradoCooldownSix,1682728573
FollowingFeedDoradoCooldownSix,1682728574
FollowingFeedDoradoCooldownSix,1682814544
FollowingFeedDoradoCooldownSix,1682814545
FollowingFeedDoradoCooldownSix,1682961655
FollowingFeedDoradoCooldownSix,1682961656
FollowingFeedDoradoCooldownSix,1682961838
FollowingFeedDoradoCooldownSix,1682961839
FollowingFeedDoradoCooldownSix,1682961995
FollowingFeedDoradoCooldownSix,1682961996
FollowingFeedDoradoCooldownSix,1683341252
FollowingFeedDoradoCooldownSix,1683341254
FollowingFeedDoradoCooldownSix,1683341346
FollowingFeedDoradoCooldownSix,1683341347
FollowingFeedDoradoCooldownSix,1683341486
FollowingFeedDoradoCooldownSix,1683341487
FollowingFeedDoradoCooldownSix,1683823723
FollowingFeedDoradoCooldownSix,1683823724
FollowingFeedDoradoCooldownSix,1683824088
FollowingFeedDoradoCooldownSix,1683824089
FollowingFeedDoradoCooldownSix,1684285531
FollowingFeedDoradoCooldownSix,1684285532
FollowingFeedDoradoCooldownSix,1684286071
FollowingFeedDoradoCooldownSix,1684286192
FollowingFeedDoradoCooldownSix,1684286193
FollowingFeedDoradoCooldownSix,1684286242
FollowingFeedDoradoCooldownSix,1684457175
FollowingFeedDoradoCooldownSix,1684457176
FollowingFeedDoradoCooldownSix,1684495584
FollowingFeedDoradoCooldownSix,1684495585
FollowingFeedDoradoCooldownSix,1684538575
FollowingFeedDoradoCooldownSix,1684538576
FollowingFeedDoradoCooldownSix,1684604419
FollowingFeedDoradoCooldownSix,1684604420
FollowingFeedDoradoCooldownSix,1684605390
FollowingFeedDoradoCooldownSix,1684605391
FollowingFeedDoradoCooldownSix,1684771416
FollowingFeedDoradoCooldownSix,1684771417
FollowingFeedDoradoCooldownSix,1684780469
FollowingFeedDoradoCooldownSix,1684780470
FollowingFeedDoradoCooldownSix,1684780478
FollowingFeedDoradoCooldownSix,1684780479
FollowingFeedDoradoCooldownSix,1684979713
FollowingFeedDoradoCooldownSix,1684979714
FollowingFeedDoradoCooldownSix,1685029454
FollowingFeedDoradoCooldownSix,1685029455
FollowingFeedDoradoCooldownSix,1685029478
FollowingFeedDoradoCooldownSix,1685055754
FollowingFeedDoradoCooldownSix,1685143313
FollowingFeedDoradoCooldownSix,1685143314
FollowingFeedDoradoCooldownSix,1685365060
FollowingFeedDoradoCooldownSix,1685365061
FollowingFeedDoradoCooldownSix,1685393334
FollowingFeedDoradoCooldownSix,1685393335
FollowingFeedDoradoCooldownSix,1685393344
FollowingFeedDoradoCooldownSix,1685393345
FollowingFeedDoradoCooldownSix,1685627640
FollowingFeedDoradoCooldownSix,1685627641
FollowingFeedDoradoCooldownSix,1685672417
FollowingFeedDoradoCooldownSix,1685672418
FollowingFeedDoradoCooldownSix,1685757579
FollowingFeedDoradoCooldownSix,1685757581
FollowingFeedDoradoCooldownSix,1685757587
FollowingFeedDoradoCooldownSix,1685813096
FollowingFeedDoradoCooldownSix,1685813097
FollowingFeedDoradoCooldownSix,1685816100
FollowingFeedDoradoCooldownSix,1685886469
FollowingFeedDoradoCooldownSix,1685886470
FollowingFeedDoradoCooldownSix,1685902564
FollowingFeedDoradoCooldownSix,1685902566
FollowingFeedDoradoCooldownSix,1685902571
FollowingFeedDoradoCooldownSix,1685902572
FollowingFeedDoradoCooldownSix,1685977776
FollowingFeedDoradoCooldownSix,1685977777
FollowingFeedDoradoCooldownSix,1686005897
FollowingFeedDoradoCooldownSix,1686005898
FollowingFeedDoradoCooldownSix,1686005902
FollowingFeedDoradoCooldownSix,1686005903
FollowingFeedDoradoCooldownSix,1686250128
FollowingFeedDoradoCooldownSix,1686250137
FollowingFeedDoradoCooldownSix,1686250614
FollowingFeedDoradoCooldownSix,1686250615
FollowingFeedDoradoCooldownSix,1686250620
FollowingFeedDoradoCooldownSix,1686263111
FollowingFeedDoradoCooldownSix,1686398211
FollowingFeedDoradoCooldownSix,1686398212
FollowingFeedDoradoCooldownSix,1686398305
FollowingFeedDoradoCooldownSix,1686398306
FollowingFeedDoradoCooldownSix,1686398343
FollowingFeedDoradoCooldownSix,1686398344
FollowingFeedDoradoCooldownSix,1686697081
FollowingFeedDoradoCooldownSix,1686697284
FollowingFeedDoradoCooldownSix,1686697285
FollowingFeedDoradoCooldownSix,1686707425
FollowingFeedDoradoCooldownSix,1686707426
FollowingFeedDoradoCooldownSix,1686707461
FollowingFeedDoradoCooldownSix,1686827207
FollowingFeedDoradoCooldownSix,1686827208
FollowingFeedDoradoCooldownSix,1686827211
FollowingFeedDoradoCooldownSix,1686827212
FollowingFeedDoradoCooldownSix,1687012169
FollowingFeedDoradoCooldownSix,1687012170
FollowingFeedDoradoCooldownSix,1687176600
FollowingFeedDoradoCooldownSix,1687176601
FollowingFeedDoradoCooldownSix,1687176627
FollowingFeedDoradoCooldownSix,1687176628
FollowingFeedDoradoCooldownSix,1687200497
FollowingFeedDoradoCooldownSix,1687200498
FollowingFeedDoradoCooldownSix,1687302603
FollowingFeedDoradoCooldownSix,1687302604
FollowingFeedDoradoCooldownSix,1687302858
FollowingFeedDoradoCooldownSix,1687302859
FollowingFeedDoradoCooldownSix,1687308791
FollowingFeedDoradoCooldownSix,1687308792
FollowingFeedDoradoCooldownSix,1687390518
FollowingFeedDoradoCooldownSix,1687390519
FollowingFeedDoradoCooldownSix,1687390669
FollowingFeedDoradoCooldownSix,1687390792
FollowingFeedDoradoCooldownSix,1687477505
FollowingFeedDoradoCooldownSix,1687477506
FollowingFeedDoradoCooldownSix,1687491212
FollowingFeedDoradoCooldownSix,1687491213
FollowingFeedDoradoCooldownSix,1687519067
FollowingFeedDoradoCooldownSix,1687519069
FollowingFeedDoradoCooldownSix,1687573641
FollowingFeedDoradoCooldownSix,1687573642
FollowingFeedDoradoCooldownSix,1687602817
FollowingFeedDoradoCooldownSix,1687602818
FollowingFeedDoradoCooldownSix,1687607554
FollowingFeedDoradoCooldownSix,1687607555
FollowingFeedDoradoCooldownSix,1687663448
FollowingFeedDoradoCooldownSix,1687663449
FollowingFeedDoradoCooldownSix,1687699629
FollowingFeedDoradoCooldownSix,1687699630
FollowingFeedDoradoCooldownSix,1687699633
FollowingFeedDoradoCooldownSix,1687699634
FollowingFeedDoradoCooldownSix,1687774942
FollowingFeedDoradoCooldownSix,1687785627
FollowingFeedDoradoCooldownSix,1687789191
FollowingFeedDoradoCooldownSix,1687789192
FollowingFeedDoradoCooldownSix,1687789195
FollowingFeedDoradoCooldownSix,1687789196
FollowingFeedDoradoCooldownSix,1687906465
FollowingFeedDoradoCooldownSix,1687906466
FollowingFeedDoradoCooldownSix,1687907181
FollowingFeedDoradoCooldownSix,1687907182
FollowingFeedDoradoCooldownSix,1687910282
FollowingFeedDoradoCooldownSix,1687910283
FollowingFeedDoradoCooldownSix,1687996101
FollowingFeedDoradoCooldownSix,1687996102
FollowingFeedDoradoCooldownSix,1688006596
FollowingFeedDoradoCooldownSix,1688006597
FollowingFeedDoradoCooldownSix,1688006601
FollowingFeedDoradoCooldownSix,1688006602
FollowingFeedDoradoCooldownSix,1688084742
FollowingFeedDoradoCooldownSix,1688088135
FollowingFeedDoradoCooldownSix,1688093630
FollowingFeedDoradoCooldownSix,1688093631
FollowingFeedDoradoCooldownSix,1688093633
FollowingFeedDoradoCooldownSix,1688093634
FollowingFeedDoradoCooldownSix,1688171690
FollowingFeedDoradoCooldownSix,1688216054
FollowingFeedDoradoCooldownSix,1688216056
FollowingFeedDoradoCooldownSix,1688232715
FollowingFeedDoradoCooldownSix,1688232716
FollowingFeedDoradoCooldownSix,1688245623
FollowingFeedDoradoCooldownSix,1688299829
FollowingFeedDoradoCooldownSix,1688305291
FollowingFeedDoradoCooldownSix,1688305292
FollowingFeedDoradoCooldownSix,1688398696
FollowingFeedDoradoCooldownSix,1688398697
FollowingFeedDoradoCooldownSix,1688424880
FollowingFeedDoradoCooldownSix,1688424881
FollowingFeedDoradoCooldownSix,1688425113
FollowingFeedDoradoCooldownSix,1688425114
FollowingFeedDoradoCooldownSix,1688486769
FollowingFeedDoradoCooldownSix,1688486770
FollowingFeedDoradoCooldownSix,1688526358
FollowingFeedDoradoCooldownSix,1688526359
FollowingFeedDoradoCooldownSix,1688526366
FollowingFeedDoradoCooldownSix,1688562615
FollowingFeedDoradoCooldownSix,1688586264
FollowingFeedDoradoCooldownSix,1688586265
FollowingFeedDoradoCooldownSix,1688642167
FollowingFeedDoradoCooldownSix,1688642168
FollowingFeedDoradoCooldownSix,1688642254
FollowingFeedDoradoCooldownSix,1688661980
FollowingFeedDoradoCooldownSix,1688682917
FollowingFeedDoradoCooldownSix,1688682918
FollowingFeedDoradoCooldownSix,1688729314
FollowingFeedDoradoCooldownSix,1688729315
FollowingFeedDoradoCooldownSix,1688729319
FollowingFeedDoradoCooldownSix,1688812542
FollowingFeedDoradoCooldownSix,1688812543
FollowingFeedDoradoCooldownSix,1688828190
FollowingFeedDoradoCooldownSix,1688828191
FollowingFeedDoradoCooldownSix,1688836360
FollowingFeedDoradoCooldownSix,1688836361
FollowingFeedDoradoCooldownSix,1689027832
FollowingFeedDoradoCooldownSix,1689027833
FollowingFeedDoradoCooldownSix,1689111972
FollowingFeedDoradoCooldownSix,1689111973
FollowingFeedDoradoCooldownSix,1689112267
FollowingFeedDoradoCooldownSix,1689112268
FollowingFeedDoradoCooldownSix,1689341861
FollowingFeedDoradoCooldownSix,1689341862
FollowingFeedDoradoCooldownSix,1689360194
FollowingFeedDoradoCooldownSix,1689360195
FollowingFeedDoradoCooldownSix,1689363672
FollowingFeedDoradoCooldownSix,1689363673
FollowingFeedDoradoCooldownSix,1689513428
FollowingFeedDoradoCooldownSix,1689513429
FollowingFeedDoradoCooldownSix,1689522087
FollowingFeedDoradoCooldownSix,1689522088
FollowingFeedDoradoCooldownSix,1689547591
FollowingFeedDoradoCooldownSix,1689547592
FollowingFeedDoradoCooldownSix,1689603252
FollowingFeedDoradoCooldownSix,1689603253
FollowingFeedDoradoCooldownSix,1689622429
FollowingFeedDoradoCooldownSix,1689622430
FollowingFeedDoradoCooldownSix,1689753288
FollowingFeedDoradoCooldownSix,1689753289
FollowingFeedDoradoCooldownSix,1689802883
FollowingFeedDoradoCooldownSix,1689802884
FollowingFeedDoradoCooldownSix,1689803032
FollowingFeedDoradoCooldownSix,1689805428
FollowingFeedDoradoCooldownSix,1690038677
FollowingFeedDoradoCooldownSix,1690038679
FollowingFeedDoradoCooldownSix,1690064059
FollowingFeedDoradoCooldownSix,1690064060
FollowingFeedDoradoCooldownSix,1690064173
FollowingFeedDoradoCooldownSix,1690064175
FollowingFeedDoradoCooldownSix,1690375820
FollowingFeedDoradoCooldownSix,1690375821
FollowingFeedDoradoCooldownSix,1690375863
FollowingFeedDoradoCooldownSix,1690375864
FollowingFeedDoradoCooldownSix,1690544457
FollowingFeedDoradoCooldownSix,1690544458
FollowingFeedDoradoCooldownSix,1690595816
FollowingFeedDoradoCooldownSix,1690595817
FollowingFeedDoradoCooldownSix,1690602026
FollowingFeedDoradoCooldownSix,1690602027
FollowingFeedDoradoCooldownSix,1690661820
FollowingFeedDoradoCooldownSix,1690661821
FollowingFeedDoradoCooldownSix,1690719803
FollowingFeedDoradoCooldownSix,1690719804
FollowingFeedDoradoCooldownSix,1690719934
FollowingFeedDoradoCooldownSix,1690719935
FollowingFeedDoradoCooldownSix,1690750321
FollowingFeedDoradoCooldownSix,1690750322
FollowingFeedDoradoCooldownSix,1690807808
FollowingFeedDoradoCooldownSix,1690807809
FollowingFeedDoradoCooldownSix,1690808247
FollowingFeedDoradoCooldownSix,1690808272
FollowingFeedDoradoCooldownSix,1690858842
FollowingFeedDoradoCooldownSix,1690897901
FollowingFeedDoradoCooldownSix,1690897902
FollowingFeedDoradoCooldownSix,1690937970
FollowingFeedDoradoCooldownSix,1691002125
FollowingFeedDoradoCooldownSix,1691002126
FollowingFeedDoradoCooldownSix,1691002381
FollowingFeedDoradoCooldownSix,1691002382
FollowingFeedDoradoCooldownSix,1691005508
FollowingFeedDoradoCooldownSix,1691156848
FollowingFeedDoradoCooldownSix,1691157059
FollowingFeedDoradoCooldownSix,1691157060
FollowingFeedDoradoCooldownSix,1691157086
FollowingFeedDoradoCooldownSix,1691157473
FollowingFeedDoradoCooldownSix,1691157543
FollowingFeedDoradoCooldownSix,1691436359
FollowingFeedDoradoCooldownSix,1691436360
FollowingFeedDoradoCooldownSix,1691436392
FollowingFeedDoradoCooldownSix,1691454169
FollowingFeedDoradoCooldownSix,1691454170
FollowingFeedDoradoCooldownSix,1691454189
FollowingFeedDoradoCooldownSix,1691530424
FollowingFeedDoradoCooldownSix,1691530425
FollowingFeedDoradoCooldownSix,1691673647
FollowingFeedDoradoCooldownSix,1691673648
FollowingFeedDoradoCooldownSix,1691674138
FollowingFeedDoradoCooldownSix,1691674139
FollowingFeedDoradoCooldownSix,1691675609
FollowingFeedDoradoCooldownSix,1691675610
FollowingFeedDoradoCooldownSix,1691782148
FollowingFeedDoradoCooldownSix,1691782152
FollowingFeedDoradoCooldownSix,1692014882
FollowingFeedDoradoCooldownSix,1692014883
FollowingFeedDoradoCooldownSix,1692018027
FollowingFeedDoradoCooldownSix,1692018028
FollowingFeedDoradoCooldownSix,1692019460
FollowingFeedDoradoCooldownSix,1692019461
FollowingFeedDoradoCooldownSix,1692317108
FollowingFeedDoradoCooldownSix,1692317109
FollowingFeedDoradoCooldownSix,1692359867
FollowingFeedDoradoCooldownSix,1692359868
FollowingFeedDoradoCooldownSix,1692448822
FollowingFeedDoradoCooldownSix,1692448823
FollowingFeedDoradoCooldownSix,1692531495
FollowingFeedDoradoCooldownSix,1692531497
FollowingFeedDoradoCooldownSix,1692667070
FollowingFeedDoradoCooldownSix,1692667071
FollowingFeedDoradoCooldownSix,1692675249
FollowingFeedDoradoCooldownSix,1692675250
FollowingFeedDoradoCooldownSix,1692815449
FollowingFeedDoradoCooldownSix,1692815450
FollowingFeedDoradoCooldownSix,1692816008
FollowingFeedDoradoCooldownSix,1692816009
FollowingFeedDoradoCooldownSix,1692828559
FollowingFeedDoradoCooldownSix,1692828560
FollowingFeedDoradoCooldownSix,1692983838
FollowingFeedDoradoCooldownSix,1692983839
FollowingFeedDoradoCooldownSix,1692989084
FollowingFeedDoradoCooldownSix,1692989085
FollowingFeedDoradoCooldownSix,1693146139
FollowingFeedDoradoCooldownSix,1693146140
FollowingFeedDoradoCooldownSix,1693153141
FollowingFeedDoradoCooldownSix,1693217009
FollowingFeedDoradoCooldownSix,1693217010
FollowingFeedDoradoCooldownSix,1693217054
FollowingFeedDoradoCooldownSix,1693354730
FollowingFeedDoradoCooldownSix,1693354769
FollowingFeedDoradoCooldownSix,1693354770
FollowingFeedDoradoCooldownSix,1693354870
FollowingFeedDoradoCooldownSix,1693356116
FollowingFeedDoradoCooldownSix,1693356117
FollowingFeedDoradoCooldownSix,1693489486
FollowingFeedDoradoCooldownSix,1693489488
FollowingFeedDoradoCooldownSix,1693515129
FollowingFeedDoradoCooldownSix,1693515130
FollowingFeedDoradoCooldownSix,1693672052
FollowingFeedDoradoCooldownSix,1693672053
FollowingFeedDoradoCooldownSix,1693672071
FollowingFeedDoradoCooldownSix,1693673919
FollowingFeedDoradoCooldownSix,1693673920
FollowingFeedDoradoCooldownSix,1693677805
FollowingFeedDoradoCooldownSix,1693846908
FollowingFeedDoradoCooldownSix,1693850785
FollowingFeedDoradoCooldownSix,1693850786
FollowingFeedDoradoCooldownSix,1694111007
FollowingFeedDoradoCooldownSix,1694111008
FollowingFeedDoradoCooldownSix,1694118538
FollowingFeedDoradoCooldownSix,1694118539
FollowingFeedDoradoCooldownSix,1694282857
FollowingFeedDoradoCooldownSix,1694282858
FollowingFeedDoradoCooldownSix,1694282925
FollowingFeedDoradoCooldownSix,1694282926
FollowingFeedDoradoCooldownSix,1694290100
FollowingFeedDoradoCooldownSix,1694290101
FollowingFeedDoradoCooldownSix,1694448692
FollowingFeedDoradoCooldownSix,1694448693
FollowingFeedDoradoCooldownSix,1694451479
FollowingFeedDoradoCooldownSix,1694458926
FollowingFeedDoradoCooldownSix,1694458927
FollowingFeedDoradoCooldownSix,1694462228
FollowingFeedDoradoCooldownSix,1694734776
FollowingFeedDoradoCooldownSix,1694777987
FollowingFeedDoradoCooldownSix,1694777988
FollowingFeedDoradoCooldownSix,1694779189
FollowingFeedDoradoCooldownSix,1694779190
FollowingFeedDoradoCooldownSix,1694779471
FollowingFeedDoradoCooldownSix,1694878549
FollowingFeedDoradoCooldownSix,1694878550
FollowingFeedDoradoCooldownSix,1694984403
FollowingFeedDoradoCooldownSix,1694984404
FollowingFeedDoradoCooldownSix,1695202329
FollowingFeedDoradoCooldownSix,1695202330
FollowingFeedDoradoCooldownSix,1695202900
FollowingFeedDoradoCooldownSix,1695203858
FollowingFeedDoradoCooldownSix,1695203859
FollowingFeedDoradoCooldownSix,1695205127
FollowingFeedDoradoCooldownSix,1695396943
FollowingFeedDoradoCooldownSix,1695396944
FollowingFeedDoradoCooldownSix,1695480400
FollowingFeedDoradoCooldownSix,1695480409
FollowingFeedDoradoCooldownSix,1695480410
FollowingFeedDoradoCooldownSix,1695498397
FollowingFeedDoradoCooldownSix,1695498398
FollowingFeedDoradoCooldownSix,1695512615
FollowingFeedDoradoCooldownSix,1695603126
FollowingFeedDoradoCooldownSix,1695603127
FollowingFeedDoradoCooldownSix,1695641862
FollowingFeedDoradoCooldownSix,1695641863
FollowingFeedDoradoCooldownSix,1695643134
FollowingFeedDoradoCooldownSix,1695643135
FollowingFeedDoradoCooldownSix,1695918784
FollowingFeedDoradoCooldownSix,1695942324
FollowingFeedDoradoCooldownSix,1695942325
FollowingFeedDoradoCooldownSix,1695999970
FollowingFeedDoradoCooldownSix,1695999971
FollowingFeedDoradoCooldownSix,1696007217
FollowingFeedDoradoCooldownSix,1696007218
FollowingFeedDoradoCooldownSix,1696084354
FollowingFeedDoradoCooldownSix,1696084355
FollowingFeedDoradoCooldownSix,1696091396
FollowingFeedDoradoCooldownSix,1696091397
FollowingFeedDoradoCooldownSix,1696181667
FollowingFeedDoradoCooldownSix,1696181668
FollowingFeedDoradoCooldownSix,1696267244
FollowingFeedDoradoCooldownSix,1696278300
FollowingFeedDoradoCooldownSix,1696278301
FollowingFeedDoradoCooldownSix,1696288479
FollowingFeedDoradoCooldownSix,1696288480
FollowingFeedDoradoCooldownSix,1696292681
FollowingFeedDoradoCooldownSix,1696448383
FollowingFeedDoradoCooldownSix,1696448384
FollowingFeedDoradoCooldownSix,1696458489
FollowingFeedDoradoCooldownSix,1696458490
FollowingFeedDoradoCooldownSix,1696535237
FollowingFeedDoradoCooldownSix,1696535238
FollowingFeedDoradoCooldownSix,1696630003
FollowingFeedDoradoCooldownSix,1696630004
FollowingFeedDoradoCooldownSix,1696707333
FollowingFeedDoradoCooldownSix,1696707334
FollowingFeedDoradoCooldownSix,1696784093
FollowingFeedDoradoCooldownSix,1696784094
FollowingFeedDoradoCooldownSix,1696788215
FollowingFeedDoradoCooldownSix,1696788217
FollowingFeedDoradoCooldownSix,1696808903
FollowingFeedDoradoCooldownSix,1696808904
FollowingFeedDoradoCooldownSix,1696976438
FollowingFeedDoradoCooldownSix,1696976439
FollowingFeedDoradoCooldownSix,1696983076
FollowingFeedDoradoCooldownSix,1696983077
FollowingFeedDoradoCooldownSix,1697062276
FollowingFeedDoradoCooldownSix,1697062277
FollowingFeedDoradoCooldownSix,1697130044
FollowingFeedDoradoCooldownSix,1697130045
FollowingFeedDoradoCooldownSix,1697499880
FollowingFeedDoradoCooldownSix,1697499881
FollowingFeedDoradoCooldownSix,1697591051
FollowingFeedDoradoCooldownSix,1697591052
FollowingFeedDoradoCooldownSix,1697628351
FollowingFeedDoradoCooldownSix,1697628352
FollowingFeedDoradoCooldownSix,1697664737
FollowingFeedDoradoCooldownSix,1697674817
FollowingFeedDoradoCooldownSix,1697811757
FollowingFeedDoradoCooldownSix,1697811758
FollowingFeedDoradoCooldownSix,1697811893
FollowingFeedDoradoCooldownSix,1697811894
FollowingFeedDoradoCooldownSix,1697837893
FollowingFeedDoradoCooldownSix,1697837894
FollowingFeedDoradoCooldownSix,1698078608
FollowingFeedDoradoCooldownSix,1698078769
FollowingFeedDoradoCooldownSix,1698078770
FollowingFeedDoradoCooldownSix,1698223439
FollowingFeedDoradoCooldownSix,1698223440
FollowingFeedDoradoCooldownSix,1698228455
FollowingFeedDoradoCooldownSix,1698228456
FollowingFeedDoradoCooldownSix,1698228794
FollowingFeedDoradoCooldownSix,1698228923
FollowingFeedDoradoCooldownSix,1698363287
FollowingFeedDoradoCooldownSix,1698363288
FollowingFeedDoradoCooldownSix,1698405238
FollowingFeedDoradoCooldownSix,1698405353
FollowingFeedDoradoCooldownSix,1698405354
FollowingFeedDoradoCooldownSix,1698409876
FollowingFeedDoradoCooldownSix,1698539911
FollowingFeedDoradoCooldownSix,1698539912
FollowingFeedDoradoCooldownSix,1698583820
FollowingFeedDoradoCooldownSix,1698583821
FollowingFeedDoradoCooldownSix,1698584701
FollowingFeedDoradoCooldownSix,1698664303
FollowingFeedDoradoCooldownSix,1698664304
FollowingFeedDoradoCooldownSix,1698673411
FollowingFeedDoradoCooldownSix,1698673412
FollowingFeedDoradoCooldownSix,1698753983
FollowingFeedDoradoCooldownSix,1698753987
FollowingFeedDoradoCooldownSix,1698753988
FollowingFeedDoradoCooldownSix,1698754139
FollowingFeedDoradoCooldownSix,1698787819
FollowingFeedDoradoCooldownSix,1698787820
FollowingFeedDoradoCooldownSix,1698852311
FollowingFeedDoradoCooldownSix,1698852312
FollowingFeedDoradoCooldownSix,1698856775
FollowingFeedDoradoCooldownSix,1698937522
FollowingFeedDoradoCooldownSix,1698937523
FollowingFeedDoradoCooldownSix,1698951532
FollowingFeedDoradoCooldownSix,1699010468
FollowingFeedDoradoCooldownSix,1699053101
FollowingFeedDoradoCooldownSix,1699053102
FollowingFeedDoradoCooldownSix,1699108057
FollowingFeedDoradoCooldownSix,1699108058
FollowingFeedDoradoCooldownSix,1699119511
FollowingFeedDoradoCooldownSix,1699119512
FollowingFeedDoradoCooldownSix,1699182254
FollowingFeedDoradoCooldownSix,1699182255
FollowingFeedDoradoCooldownSix,1699228461
FollowingFeedDoradoCooldownSix,1699228462
FollowingFeedDoradoCooldownSix,1699271038
FollowingFeedDoradoCooldownSix,1699271040
FollowingFeedDoradoCooldownSix,1699271301
FollowingFeedDoradoCooldownSix,1699271372
FollowingFeedDoradoCooldownSix,1699360716
FollowingFeedDoradoCooldownSix,1699360717
FollowingFeedDoradoCooldownSix,1699369357
FollowingFeedDoradoCooldownSix,1699398935
FollowingFeedDoradoCooldownSix,1699403190
FollowingFeedDoradoCooldownSix,1699403191
FollowingFeedDoradoCooldownSix,1699459338
FollowingFeedDoradoCooldownSix,1699459339
FollowingFeedDoradoCooldownSix,1699528769
FollowingFeedDoradoCooldownSix,1699528770
FollowingFeedDoradoCooldownSix,1699528802
FollowingFeedDoradoCooldownSix,1699528803
FollowingFeedDoradoCooldownSix,1699561150
FollowingFeedDoradoCooldownSix,1699617572
FollowingFeedDoradoCooldownSix,1699617573
FollowingFeedDoradoCooldownSix,1699625544
FollowingFeedDoradoCooldownSix,1699625545
FollowingFeedDoradoCooldownSix,1699649528
FollowingFeedDoradoCooldownSix,1699713513
FollowingFeedDoradoCooldownSix,1699713514
FollowingFeedDoradoCooldownSix,1699718507
FollowingFeedDoradoCooldownSix,1699718508
FollowingFeedDoradoCooldownSix,1699720874
FollowingFeedDoradoCooldownSix,1699874093
FollowingFeedDoradoCooldownSix,1699874094
FollowingFeedDoradoCooldownSix,1699960441
FollowingFeedDoradoCooldownSix,1699960442
FollowingFeedDoradoCooldownSix,1699961010
FollowingFeedDoradoCooldownSix,1699961011
FollowingFeedDoradoCooldownSix,1700001967
FollowingFeedDoradoCooldownSix,1700001968
FollowingFeedDoradoCooldownSix,1700050517
FollowingFeedDoradoCooldownSix,1700050518
FollowingFeedDoradoCooldownSix,1700058584
FollowingFeedDoradoCooldownSix,1700084275
FollowingFeedDoradoCooldownSix,1700133821
FollowingFeedDoradoCooldownSix,1700133822
FollowingFeedDoradoCooldownSix,1700140452
FollowingFeedDoradoCooldownSix,1700140453
FollowingFeedDoradoCooldownSix,1700320118
FollowingFeedDoradoCooldownSix,1700320119
FollowingFeedDoradoCooldownSix,1700393489
FollowingFeedDoradoCooldownSix,1700393490
FollowingFeedDoradoCooldownSix,1700394163
FollowingFeedDoradoCooldownSix,1700394723
FollowingFeedDoradoCooldownSix,1700409761
FollowingFeedDoradoCooldownSix,1700409762
FollowingFeedDoradoCooldownSix,1700493638
FollowingFeedDoradoCooldownSix,1700493675
FollowingFeedDoradoCooldownSix,1700493738
FollowingFeedDoradoCooldownSix,1700493829
FollowingFeedDoradoCooldownSix,1700565237
FollowingFeedDoradoCooldownSix,1700565295
FollowingFeedDoradoCooldownSix,1700615047
FollowingFeedDoradoCooldownSix,1700615048
FollowingFeedDoradoCooldownSix,1700651311
FollowingFeedDoradoCooldownSix,1700651312
FollowingFeedDoradoCooldownSix,1700824326
FollowingFeedDoradoCooldownSix,1700824327
FollowingFeedDoradoCooldownSix,1700921316
FollowingFeedDoradoCooldownSix,1700921725
FollowingFeedDoradoCooldownSix,1700921726
FollowingFeedDoradoCooldownSix,1700928048
FollowingFeedDoradoCooldownSix,1700928049
FollowingFeedDoradoCooldownSix,1700928059
FollowingFeedDoradoCooldownSix,1701036881
FollowingFeedDoradoCooldownSix,1701036882
FollowingFeedDoradoCooldownSix,1701037481
FollowingFeedDoradoCooldownSix,1701038240
FollowingFeedDoradoCooldownSix,1701038241
FollowingFeedDoradoCooldownSix,1701050270
FollowingFeedDoradoCooldownSix,1701128212
FollowingFeedDoradoCooldownSix,1701128213
FollowingFeedDoradoCooldownSix,1701170612
FollowingFeedDoradoCooldownSix,1701170613
FollowingFeedDoradoCooldownSix,1701174830
FollowingFeedDoradoCooldownSix,1701174831
FollowingFeedDoradoCooldownSix,1701256692
FollowingFeedDoradoCooldownSix,1701256693
FollowingFeedDoradoCooldownSix,1701299108
FollowingFeedDoradoCooldownSix,1701299109
FollowingFeedDoradoCooldownSix,1701301584
FollowingFeedDoradoCooldownSix,1701301585
FollowingFeedDoradoCooldownSix,1701349209
FollowingFeedDoradoCooldownSix,1701349210
FollowingFeedDoradoCooldownSix,1701447585
FollowingFeedDoradoCooldownSix,1701448886
FollowingFeedDoradoCooldownSix,1701470985
FollowingFeedDoradoCooldownSix,1701527107
FollowingFeedDoradoCooldownSix,1701527108
FollowingFeedDoradoCooldownSix,1701819899
FollowingFeedDoradoCooldownSix,1701857473
FollowingFeedDoradoCooldownSix,1701857474
FollowingFeedDoradoCooldownSix,1701866438
FollowingFeedDoradoCooldownSix,1701866439
FollowingFeedDoradoCooldownSix,1701947439
FollowingFeedDoradoCooldownSix,1701947440
FollowingFeedDoradoCooldownSix,1702139364
FollowingFeedDoradoCooldownSix,1702139365
FollowingFeedDoradoCooldownSix,1702139474
FollowingFeedDoradoCooldownSix,1702139475
FollowingFeedDoradoCooldownSix,1702232099
FollowingFeedDoradoCooldownSix,1702232147
FollowingFeedDoradoCooldownSix,1702232148
FollowingFeedDoradoCooldownSix,1702293217
FollowingFeedDoradoCooldownSix,1702293218
FollowingFeedDoradoCooldownSix,1702379854
FollowingFeedDoradoCooldownSix,1702379855
FollowingFeedDoradoCooldownSix,1702383759
FollowingFeedDoradoCooldownSix,1702383760
FollowingFeedDoradoCooldownSix,1702464427
FollowingFeedDoradoCooldownSix,1702464428
FollowingFeedDoradoCooldownSix,1702485339
FollowingFeedDoradoCooldownSix,1702485340
FollowingFeedDoradoCooldownSix,1702555828
FollowingFeedDoradoCooldownSix,1702555829
FollowingFeedDoradoCooldownSix,1705157979
FollowingFeedDoradoCooldownSix,1705157980
FollowingFeedDoradoCooldownSix,1705162163
FollowingFeedDoradoCooldownSix,1705162164
FollowingFeedDoradoCooldownSix,1705168342
FollowingFeedDoradoCooldownSix,1705237303
FollowingFeedDoradoCooldownSix,1705257546
FollowingFeedDoradoCooldownSix,1705257548
FollowingFeedDoradoCooldownSix,1705317271
FollowingFeedDoradoCooldownSix,1705317272
FollowingFeedDoradoCooldownSix,1705318193
FollowingFeedDoradoCooldownSix,1705355026
FollowingFeedDoradoCooldownSix,1705355027
FollowingFeedDoradoCooldownSix,1705361128
FollowingFeedDoradoCooldownSix,1705405147
FollowingFeedDoradoCooldownSix,1705405148
FollowingFeedDoradoCooldownSix,1705420499
FollowingFeedDoradoCooldownSix,1705451125
FollowingFeedDoradoCooldownSix,1705451126
FollowingFeedDoradoCooldownSix,1705451200
FollowingFeedDoradoCooldownSix,1705495158
FollowingFeedDoradoCooldownSix,1705514271
FollowingFeedDoradoCooldownSix,1705514272
FollowingFeedDoradoCooldownSix,1705539087
FollowingFeedDoradoCooldownSix,1705572123
FollowingFeedDoradoCooldownSix,1705572125
FollowingFeedDoradoCooldownSix,1705620668
FollowingFeedDoradoCooldownSix,1705620669
FollowingFeedDoradoCooldownSix,1705633481
FollowingFeedDoradoCooldownSix,1705633509
FollowingFeedDoradoCooldownSix,1705663473
FollowingFeedDoradoCooldownSix,1705663474
FollowingFeedDoradoCooldownSix,1705720236
FollowingFeedDoradoCooldownSix,1705720237
FollowingFeedDoradoCooldownSix,1705777226
FollowingFeedDoradoCooldownSix,1705777227
FollowingFeedDoradoCooldownSix,1705796270
FollowingFeedDoradoCooldownSix,1705864505
FollowingFeedDoradoCooldownSix,1705864506
FollowingFeedDoradoCooldownSix,1705864634
FollowingFeedDoradoCooldownSix,1705864636
FollowingFeedDoradoCooldownSix,1705874807
FollowingFeedDoradoCooldownSix,1705886263
FollowingFeedDoradoCooldownSix,1706008159
FollowingFeedDoradoCooldownSix,1706008160
FollowingFeedDoradoCooldownSix,1706008982
FollowingFeedDoradoCooldownSix,1706008983
FollowingFeedDoradoCooldownSix,1706032222
FollowingFeedDoradoCooldownSix,1706045350
FollowingFeedDoradoCooldownSix,1706094692
FollowingFeedDoradoCooldownSix,1706094693
FollowingFeedDoradoCooldownSix,1706095564
FollowingFeedDoradoCooldownSix,1706095565
FollowingFeedDoradoCooldownSix,1706133916
FollowingFeedDoradoCooldownSix,1706133917
FollowingFeedDoradoCooldownSix,1706182002
FollowingFeedDoradoCooldownSix,1706182003
FollowingFeedDoradoCooldownSix,1706182683
FollowingFeedDoradoCooldownSix,1706197538
FollowingFeedDoradoCooldownSix,1706221811
FollowingFeedDoradoCooldownSix,1706221812
FollowingFeedDoradoCooldownSix,1706298592
FollowingFeedDoradoCooldownSix,1706298631
FollowingFeedDoradoCooldownSix,1706298632
FollowingFeedDoradoCooldownSix,1706355571
FollowingFeedDoradoCooldownSix,1706355573
FollowingFeedDoradoCooldownSix,1706368627
FollowingFeedDoradoCooldownSix,1706389369
FollowingFeedDoradoCooldownSix,1706389370
FollowingFeedDoradoCooldownSix,1706546041
FollowingFeedDoradoCooldownSix,1706546042
FollowingFeedDoradoCooldownSix,1706546097
FollowingFeedDoradoCooldownSix,1706546098
FollowingFeedDoradoCooldownSix,1706582732
FollowingFeedDoradoCooldownSix,1706614061
FollowingFeedDoradoCooldownSix,1706614248
FollowingFeedDoradoCooldownSix,1706614265
FollowingFeedDoradoCooldownSix,1706621523
FollowingFeedDoradoCooldownSix,1706621731
FollowingFeedDoradoCooldownSix,1706625784
FollowingFeedDoradoCooldownSix,1706629086
FollowingFeedDoradoCooldownSix,1706646010
FollowingFeedDoradoCooldownSix,1706646024
FollowingFeedDoradoCooldownSix,1706662439
FollowingFeedDoradoCooldownSix,1706705256
FollowingFeedDoradoCooldownSix,1706754175
FollowingFeedDoradoCooldownSix,1706794137
FollowingFeedDoradoCooldownSix,1706794293
FollowingFeedDoradoCooldownSix,1706795000
FollowingFeedDoradoCooldownSix,1706795316
FollowingFeedDoradoCooldownSix,1706827058
FollowingFeedDoradoCooldownSix,1706873432
FollowingFeedDoradoCooldownSix,1706873485
FollowingFeedDoradoCooldownSix,1706873527
FollowingFeedDoradoCooldownSix,1706881198
FollowingFeedDoradoCooldownSix,1706895222
FollowingFeedDoradoCooldownSix,1706902745
FollowingFeedDoradoCooldownSix,1706903444
FollowingFeedDoradoCooldownSix,1706986356
FollowingFeedDoradoCooldownSix,1707090488
FollowingFeedDoradoCooldownSix,1707091192
FollowingFeedDoradoCooldownSix,1707091841
FollowingFeedDoradoCooldownSix,1707095421
FollowingFeedDoradoCooldownSix,1707101592
FollowingFeedDoradoCooldownSix,1707127939
FollowingFeedDoradoCooldownSix,1707132274
FollowingFeedDoradoCooldownSix,1707132510
FollowingFeedDoradoCooldownSix,1707136014
FollowingFeedDoradoCooldownSix,1707138086
FollowingFeedDoradoCooldownSix,1707140288
FollowingFeedDoradoCooldownSix,1707158166
FollowingFeedDoradoCooldownSix,1707159088
FollowingFeedDoradoCooldownSix,1707164006
FollowingFeedDoradoCooldownSix,1707167711
FollowingFeedDoradoCooldownSix,1707167732
FollowingFeedDoradoCooldownSix,1707219480
FollowingFeedDoradoCooldownSix,1707240987
FollowingFeedDoradoCooldownSix,1707261205
FollowingFeedDoradoCooldownSix,1707307714
FollowingFeedDoradoCooldownSix,1707308497
FollowingFeedDoradoCooldownSix,1707308757
FollowingFeedDoradoCooldownSix,1707309760
FollowingFeedDoradoCooldownSix,1707309956
FollowingFeedDoradoCooldownSix,1707393354
FollowingFeedDoradoCooldownSix,1707395602
FollowingFeedDoradoCooldownSix,1707396790
FollowingFeedDoradoCooldownSix,1707396836
FollowingFeedDoradoCooldownSix,1707396840
FollowingFeedDoradoCooldownSix,1707411144
FollowingFeedDoradoCooldownSix,1707665666
FollowingFeedDoradoCooldownSix,1707681093
FollowingFeedDoradoCooldownSix,1707850437
FollowingFeedDoradoCooldownSix,1707932836
FollowingFeedDoradoCooldownSix,1707957014
FollowingFeedDoradoCooldownSix,1707957748
FollowingFeedDoradoCooldownSix,1707957890
FollowingFeedDoradoCooldownSix,1707958462
FollowingFeedDoradoCooldownSix,1707961239
FollowingFeedDoradoCooldownSix,1707965417
FollowingFeedDoradoCooldownSix,1707997772
FollowingFeedDoradoCooldownSix,1707997859
FollowingFeedDoradoCooldownSix,1707999862
FollowingFeedDoradoCooldownSix,1708001120
FollowingFeedDoradoCooldownSix,1708001210
FollowingFeedDoradoCooldownSix,1708007188
FollowingFeedDoradoCooldownSix,1708086990
FollowingFeedDoradoCooldownSix,1708093961
FollowingFeedDoradoCooldownSix,1708093982
FollowingFeedDoradoCooldownSix,1708094183
FollowingFeedDoradoCooldownSix,1708104870
FollowingFeedDoradoCooldownSix,1708222182
FollowingFeedDoradoCooldownSix,1708279399
FollowingFeedDoradoCooldownSix,1708279527
FollowingFeedDoradoCooldownSix,1708279554
FollowingFeedDoradoCooldownSix,1708279613
FollowingFeedDoradoCooldownSix,1708374789
FollowingFeedDoradoCooldownSix,1708379619
FollowingFeedDoradoCooldownSix,1708399734
FollowingFeedDoradoCooldownSix,1708429545
FollowingFeedDoradoCooldownSix,1708429617
FollowingFeedDoradoCooldownSix,1708429847
FollowingFeedDoradoCooldownSix,1708439626
FollowingFeedDoradoCooldownSix,1708442438
FollowingFeedDoradoCooldownSix,1708445342
FollowingFeedDoradoCooldownSix,1708466621
FollowingFeedDoradoCooldownSix,1708467227
FollowingFeedDoradoCooldownSix,1708521245
FollowingFeedDoradoCooldownSix,1708521283
FollowingFeedDoradoCooldownSix,1708526390
FollowingFeedDoradoCooldownSix,1708541348
FollowingFeedDoradoCooldownSix,1708541372
FollowingFeedDoradoCooldownSix,1708604351
FollowingFeedDoradoCooldownSix,1708604395
FollowingFeedDoradoCooldownSix,1708604499
FollowingFeedDoradoCooldownSix,1708605058
FollowingFeedDoradoCooldownSix,1708610503
FollowingFeedDoradoCooldownSix,1708610542
FollowingFeedDoradoCooldownSix,1708612999
FollowingFeedDoradoCooldownSix,1708619405
FollowingFeedDoradoCooldownSix,1708632235
FollowingFeedDoradoCooldownSix,1708689311
FollowingFeedDoradoCooldownSix,1708689483
FollowingFeedDoradoCooldownSix,1708689819
FollowingFeedDoradoCooldownSix,1708714131
FollowingFeedDoradoCooldownSix,1708726904
FollowingFeedDoradoCooldownSix,1708727177
FollowingFeedDoradoCooldownSix,1708736005
FollowingFeedDoradoCooldownSix,1708785782
FollowingFeedDoradoCooldownSix,1708790431
FollowingFeedDoradoCooldownSix,1708795610
FollowingFeedDoradoCooldownSix,1708810333
FollowingFeedDoradoCooldownSix,1708817795
FollowingFeedDoradoCooldownSix,1708877756
FollowingFeedDoradoCooldownSix,1708881238
FollowingFeedDoradoCooldownSix,1708893794
FollowingFeedDoradoCooldownSix,1708898752
FollowingFeedDoradoCooldownSix,1708899166
FollowingFeedDoradoCooldownSix,1708899840
FollowingFeedDoradoCooldownSix,1708904009
FollowingFeedDoradoCooldownSix,1708905888
FollowingFeedDoradoCooldownSix,1708912623
FollowingFeedDoradoCooldownSix,1708912923
FollowingFeedDoradoCooldownSix,1708912985
FollowingFeedDoradoCooldownSix,1708947011
FollowingFeedDoradoCooldownSix,1708947537
FollowingFeedDoradoCooldownSix,1708956478
FollowingFeedDoradoCooldownSix,1708956549
FollowingFeedDoradoCooldownSix,1708962429
FollowingFeedDoradoCooldownSix,1708999083
FollowingFeedDoradoCooldownSix,1708999145
FollowingFeedDoradoCooldownSix,1708999817
FollowingFeedDoradoCooldownSix,1709034290
FollowingFeedDoradoCooldownSix,1709040803
FollowingFeedDoradoCooldownSix,1709041679
FollowingFeedDoradoCooldownSix,1709054875
FollowingFeedDoradoCooldownSix,1709071272
FollowingFeedDoradoCooldownSix,1709072790
FollowingFeedDoradoCooldownSix,1709073958
FollowingFeedDoradoCooldownSix,1709079157
FollowingFeedDoradoCooldownSix,1709133937
FollowingFeedDoradoCooldownSix,1709133997
FollowingFeedDoradoCooldownSix,1709134057
FollowingFeedDoradoCooldownSix,1709158284
FollowingFeedDoradoCooldownSix,1709158377
FollowingFeedDoradoCooldownSix,1709159879
FollowingFeedDoradoCooldownSix,1709161207
FollowingFeedDoradoCooldownSix,1709161747
FollowingFeedDoradoCooldownSix,1709165092
FollowingFeedDoradoCooldownSix,1709166115
FollowingFeedDoradoCooldownSix,1709166119
FollowingFeedDoradoCooldownSix,1709207734
FollowingFeedDoradoCooldownSix,1709207758
FollowingFeedDoradoCooldownSix,1709207761
FollowingFeedDoradoCooldownSix,1709227279
FollowingFeedDoradoCooldownSix,1709229091
FollowingFeedDoradoCooldownSix,1709292312
FollowingFeedDoradoCooldownSix,1709294033
FollowingFeedDoradoCooldownSix,1709297406
FollowingFeedDoradoCooldownSix,1709297462
FollowingFeedDoradoCooldownSix,1709576315
FollowingFeedDoradoCooldownSix,1709576367
FollowingFeedDoradoCooldownSix,1709637367
FollowingFeedDoradoCooldownSix,1709637375
FollowingFeedDoradoCooldownSix,1709637485
FollowingFeedDoradoCooldownSix,1709639168
FollowingFeedDoradoCooldownSix,1709640061
FollowingFeedDoradoCooldownSix,1709643935
FollowingFeedDoradoCooldownSix,1709656184
FollowingFeedDoradoCooldownSix,1709656344
FollowingFeedDoradoCooldownSix,1709656376
FollowingFeedDoradoCooldownSix,1709659388
FollowingFeedDoradoCooldownSix,1709659400
FollowingFeedDoradoCooldownSix,1709660311
FollowingFeedDoradoCooldownSix,1709660342
FollowingFeedDoradoCooldownSix,1709675668
FollowingFeedDoradoCooldownSix,1709676565
FollowingFeedDoradoCooldownSix,1709677212
FollowingFeedDoradoCooldownSix,1709677329
FollowingFeedDoradoCooldownSix,1709679165
FollowingFeedDoradoCooldownSix,1709719360
FollowingFeedDoradoCooldownSix,1709725521
FollowingFeedDoradoCooldownSix,1709761416
FollowingFeedDoradoCooldownSix,1709772708
FollowingFeedDoradoCooldownSix,1709772743
FollowingFeedDoradoCooldownSix,1709772762
FollowingFeedDoradoCooldownSix,1709810409
FollowingFeedDoradoCooldownSix,1709811073
FollowingFeedDoradoCooldownSix,1709812000
FollowingFeedDoradoCooldownSix,1709896373
FollowingFeedDoradoCooldownSix,1709896460
FollowingFeedDoradoCooldownSix,1709901057
FollowingFeedDoradoCooldownSix,1709911170
FollowingFeedDoradoCooldownSix,1709968801
FollowingFeedDoradoCooldownSix,1709997873
FollowingFeedDoradoCooldownSix,1710036125
FollowingFeedDoradoCooldownSix,1710036216
FollowingFeedDoradoCooldownSix,1710071448
FollowingFeedDoradoCooldownSix,1710076022
FollowingFeedDoradoCooldownSix,1710076105
FollowingFeedDoradoCooldownSix,1710082304
FollowingFeedDoradoCooldownSix,1710100626
FollowingFeedDoradoCooldownSix,1710101499
FollowingFeedDoradoCooldownSix,1710101509
FollowingFeedDoradoCooldownSix,1710126432
FollowingFeedDoradoCooldownSix,1710129753
FollowingFeedDoradoCooldownSix,1710155897
FollowingFeedDoradoCooldownSix,1710181446
FollowingFeedDoradoCooldownSix,1726739389
FollowingFeedDoradoCooldownSix,1726740141
FollowingFeedDoradoCooldownSix,1726745664
FollowingFeedDoradoCooldownSix,1726745846
FollowingFeedDoradoCooldownSix,1726748353
FollowingFeedDoradoCooldownSix,1726748655
FollowingFeedDoradoCooldownSix,1726749404
FollowingFeedDoradoCooldownSix,1726757203
FollowingFeedDoradoCooldownSix,1726772939
FollowingFeedDoradoCooldownSix,1726773094
FollowingFeedDoradoCooldownSix,1726775577
FollowingFeedDoradoCooldownSix,1726786164
FollowingFeedDoradoCooldownSix,1726796462
FollowingFeedDoradoCooldownSix,1726796780
FollowingFeedDoradoCooldownTen,1678039966
FollowingFeedDoradoCooldownTen,1678039967
FollowingFeedDoradoCooldownTen,1678040054
FollowingFeedDoradoCooldownTen,1678040055
FollowingFeedDoradoCooldownTen,1679071540
FollowingFeedDoradoCooldownTen,1679071541
FollowingFeedDoradoCooldownTen,1679091990
FollowingFeedDoradoCooldownTen,1679091991
FollowingFeedDoradoCooldownTen,1679098030
FollowingFeedDoradoCooldownTen,1679098031
FollowingFeedDoradoCooldownTen,1679148862
FollowingFeedDoradoCooldownTen,1681046875
FollowingFeedDoradoCooldownTen,1681046876
FollowingFeedDoradoCooldownTen,1681486978
FollowingFeedDoradoCooldownTen,1681486979
FollowingFeedDoradoCooldownTen,1681746285
FollowingFeedDoradoCooldownTen,1681746286
ActivitySaveWalkthrough,1688560720
ClubDetailV2FirstVisitModal,1687390945
IosSubscriptionOverviewAppIconNew,1716835262
IosSubscriptionOverviewAppIconNew,1716835277
IosSubscriptionOverviewAppIconNew,1720657978
NewTermsOfService,1688147421
Tdf2023ProCarousel,1687996101
Tdf2023ProCarousel,1688006596
Tdf2023ProCarousel,1688006601
Tdf2023ProCarousel,1688642167
Tdf2023ProCarousel,1688642254
Tdf2023ProCarousel,1688661980
Tdf2023ProCarousel,1689341861
Tdf2023ProCarousel,1689360194
Tdf2023ProCarousel,1689363464
TdfF2023ProCarousel,1690038677
TdfF2023ProCarousel,1690064059
TdfF2023ProCarousel,1690064173
TdfF2023ProCarouselDaily,1690375820
TdfF2023ProCarouselDaily,1690375863
TdfF2023ProCarouselDaily,1690544457
TdfF2023ProCarouselDaily,1690595816
TdfF2023ProCarouselDaily,1690661820
TdfF2023ProCarouselDaily,1690719803
TdfF2023ProCarouselDaily,1690750321
TdfF2023ProCarouselDaily,1690807808
TdfF2023ProCarouselDaily,1690858842
TdfF2023ProCarouselDaily,1690897815
YouTabProfileMove,1700001970
RecordScreenSpotifyCoachmark,1706008164
ChatShareActivityInMessageCoachmark,1702232119
ChatFeatureTryCtaImpression,1701819901
ChatFeatureImpression,1706625786
ChatFeatureCreateChannelCoachmark,1706625787
FlyoverEducationCoachmark,1716122400
YiSFeedCarousel2023,1702677603
YiSFeedCarousel2023,1702751720
YiSFeedCarousel2023,1702919301
YiSFeedCarousel2023,1702940844
YiSFeedCarousel2023,1703284720
YiSFeedCarousel2023,1703370615
YiSFeedCarousel2023,1703608555
YiSFeedCarousel2023,1703622531
YiSFeedCarousel2023,1703899151
YiSFeedCarousel2023,1703978213
YiSFeedCarousel2023,1704216447
YiSFeedCarousel2023,1704231653
ChatComposeFirstMessageSheetImpression,1724621935
ActivityDetailsShareCoachmark,1707965433
ActivityQuickEdit,1726195855
ActivityQuickEdit,1726195873
ActivityQuickEdit,1726195904
ActivityQuickEdit,1726197542
ActivityQuickEdit,1726197599
ActivityQuickEdit,1726220926
ActivityQuickEdit,1726221525
ActivityQuickEdit,1726221529
ActivityQuickEdit,1726221551
ActivityQuickEdit,1726227953
ActivityQuickEdit,1726227954
ActivityQuickEdit,1726227957
ActivityQuickEdit,1726227970
ActivityQuickEdit,1726227976
ActivityQuickEdit,1726227978
ActivityQuickEdit,1726228012
ActivityQuickEdit,1726228015
ActivityQuickEdit,1726228378
ActivityQuickEdit,1726232218
ActivityQuickEdit,1726232225
ActivityQuickEdit,1726233713
ActivityQuickEdit,1726233722
ActivityQuickEdit,1726236119
ActivityQuickEdit,1726238698
ActivityQuickEdit,1726251795
ActivityQuickEdit,1726251824
ActivityQuickEdit,1726251826
ActivityQuickEdit,1726251842
ActivityQuickEdit,1726251844
ActivityQuickEdit,1726251870
ActivityQuickEdit,1726251883
ActivityQuickEdit,1726252021
ActivityQuickEdit,1726252053
ActivityQuickEdit,1726253358
ActivityQuickEdit,1726253364
ActivityQuickEdit,1726268745
ActivityQuickEdit,1726268752
ActivityQuickEdit,1726279990
ActivityQuickEdit,1726279995
ActivityQuickEdit,1726283440
ActivityQuickEdit,1726314100
ActivityQuickEdit,1726316674
ActivityQuickEdit,1726317053
ActivityQuickEdit,1726317054
ActivityQuickEdit,1726317066
ActivityQuickEdit,1726317081
ActivityQuickEdit,1726317085
ActivityQuickEdit,1726317087
ActivityQuickEdit,1726317099
ActivityQuickEdit,1726317171
ActivityQuickEdit,1726317178
ActivityQuickEdit,1726317186
ActivityQuickEdit,1726317215
ActivityQuickEdit,1726329091
ActivityQuickEdit,1726329120
ActivityQuickEdit,1726332318
ActivityQuickEdit,1726332804
ActivityQuickEdit,1726333242
ActivityQuickEdit,1726333252
ActivityQuickEdit,1726333254
ActivityQuickEdit,1726333341
ActivityQuickEdit,1726342161
ActivityQuickEdit,1726342167
ActivityQuickEdit,1726360879
ActivityQuickEdit,1726360880
ActivityQuickEdit,1726360962
ActivityQuickEdit,1726361683
ActivityQuickEdit,1726363233
ActivityQuickEdit,1726363951
ActivityQuickEdit,1726363958
ActivityQuickEdit,1726363961
ActivityQuickEdit,1726366356
ActivityQuickEdit,1726367434
ActivityQuickEdit,1726367497
ActivityQuickEdit,1726367511
ActivityQuickEdit,1726368022
ActivityQuickEdit,1726369142
ActivityQuickEdit,1726372566
ActivityQuickEdit,1726372638
ActivityQuickEdit,1726373511
ActivityQuickEdit,1726374007
ActivityQuickEdit,1726374040
ActivityQuickEdit,1726374687
ActivityQuickEdit,1726374719
ActivityQuickEdit,1726375120
ActivityQuickEdit,1726375202
ActivityQuickEdit,1726397222
ActivityQuickEdit,1726397234
ActivityQuickEdit,1726397280
ActivityQuickEdit,1726399364
ActivityQuickEdit,1726402175
ActivityQuickEdit,1726402196
ActivityQuickEdit,1726402242
ActivityQuickEdit,1726402542
ActivityQuickEdit,1726402576
ActivityQuickEdit,1726402613
ActivityQuickEdit,1726405077
ActivityQuickEdit,1726405138
ActivityQuickEdit,1726407276
ActivityQuickEdit,1726407401
ActivityQuickEdit,1726408175
ActivityQuickEdit,1726408216
ActivityQuickEdit,1726408220
ActivityQuickEdit,1726409215
ActivityQuickEdit,1726412028
ActivityQuickEdit,1726412207
ActivityQuickEdit,1726412846
ActivityQuickEdit,1726412868
ActivityQuickEdit,1726412872
ActivityQuickEdit,1726425835
ActivityQuickEdit,1726427496
ActivityQuickEdit,1726427497
ActivityQuickEdit,1726427502
ActivityQuickEdit,1726427520
ActivityQuickEdit,1726427529
ActivityQuickEdit,1726427940
ActivityQuickEdit,1726428774
ActivityQuickEdit,1726428798
ActivityQuickEdit,1726428816
ActivityQuickEdit,1726428855
ActivityQuickEdit,1726428864
ActivityQuickEdit,1726428871
ActivityQuickEdit,1726428876
ActivityQuickEdit,1726432297
ActivityQuickEdit,1726432300
ActivityQuickEdit,1726432308
ActivityQuickEdit,1726432314
ActivityQuickEdit,1726435186
ActivityQuickEdit,1726438497
ActivityQuickEdit,1726438513
ActivityQuickEdit,1726438627
ActivityQuickEdit,1726446018
ActivityQuickEdit,1726446245
ActivityQuickEdit,1726448935
ActivityQuickEdit,1726448957
ActivityQuickEdit,1726449174
ActivityQuickEdit,1726449274
ActivityQuickEdit,1726453702
ActivityQuickEdit,1726455663
ActivityQuickEdit,1726479986
ActivityQuickEdit,1726480001
ActivityQuickEdit,1726480012
ActivityQuickEdit,1726480013
ActivityQuickEdit,1726480015
ActivityQuickEdit,1726480031
ActivityQuickEdit,1726480103
ActivityQuickEdit,1726485047
ActivityQuickEdit,1726485052
ActivityQuickEdit,1726485072
ActivityQuickEdit,1726485077
ActivityQuickEdit,1726485557
ActivityQuickEdit,1726485564
ActivityQuickEdit,1726486060
ActivityQuickEdit,1726486063
ActivityQuickEdit,1726486075
ActivityQuickEdit,1726486079
ActivityQuickEdit,1726486604
ActivityQuickEdit,1726486610
ActivityQuickEdit,1726486694
ActivityQuickEdit,1726486700
ActivityQuickEdit,1726487508
ActivityQuickEdit,1726489513
ActivityQuickEdit,1726489566
ActivityQuickEdit,1726489643
ActivityQuickEdit,1726489862
ActivityQuickEdit,1726490322
ActivityQuickEdit,1726490434
ActivityQuickEdit,1726491937
ActivityQuickEdit,1726491940
ActivityQuickEdit,1726492585
ActivityQuickEdit,1726501022
ActivityQuickEdit,1726501394
ActivityQuickEdit,1726501404
ActivityQuickEdit,1726501413
ActivityQuickEdit,1726501422
ActivityQuickEdit,1726501432
ActivityQuickEdit,1726501440
ActivityQuickEdit,1726501448
ActivityQuickEdit,1726501455
ActivityQuickEdit,1726501462
ActivityQuickEdit,1726501470
ActivityQuickEdit,1726501478
ActivityQuickEdit,1726501487
ActivityQuickEdit,1726501495
ActivityQuickEdit,1726501501
ActivityQuickEdit,1726501507
ActivityQuickEdit,1726501513
ActivityQuickEdit,1726501519
ActivityQuickEdit,1726501525
ActivityQuickEdit,1726501592
ActivityQuickEdit,1726501607
ActivityQuickEdit,1726501614
ActivityQuickEdit,1726501627
ActivityQuickEdit,1726501637
ActivityQuickEdit,1726501644
ActivityQuickEdit,1726501651
ActivityQuickEdit,1726501657
ActivityQuickEdit,1726501663
ActivityQuickEdit,1726501670
ActivityQuickEdit,1726501782
ActivityQuickEdit,1726501789
ActivityQuickEdit,1726501797
ActivityQuickEdit,1726501805
ActivityQuickEdit,1726501833
ActivityQuickEdit,1726501840
ActivityQuickEdit,1726501849
ActivityQuickEdit,1726501859
ActivityQuickEdit,1726501866
ActivityQuickEdit,1726501872
ActivityQuickEdit,1726501883
ActivityQuickEdit,1726501890
ActivityQuickEdit,1726501896
ActivityQuickEdit,1726501902
ActivityQuickEdit,1726501908
ActivityQuickEdit,1726501920
ActivityQuickEdit,1726501928
ActivityQuickEdit,1726501934
ActivityQuickEdit,1726501941
ActivityQuickEdit,1726502074
ActivityQuickEdit,1726502089
ActivityQuickEdit,1726502105
ActivityQuickEdit,1726502112
ActivityQuickEdit,1726502117
ActivityQuickEdit,1726502124
ActivityQuickEdit,1726502133
ActivityQuickEdit,1726502146
ActivityQuickEdit,1726502189
ActivityQuickEdit,1726502194
ActivityQuickEdit,1726502202
ActivityQuickEdit,1726502208
ActivityQuickEdit,1726502215
ActivityQuickEdit,1726502224
ActivityQuickEdit,1726502230
ActivityQuickEdit,1726502236
ActivityQuickEdit,1726502242
ActivityQuickEdit,1726502248
ActivityQuickEdit,1726502255
ActivityQuickEdit,1726502261
ActivityQuickEdit,1726502268
ActivityQuickEdit,1726502274
ActivityQuickEdit,1726502279
ActivityQuickEdit,1726502292
ActivityQuickEdit,1726502299
ActivityQuickEdit,1726502305
ActivityQuickEdit,1726502312
ActivityQuickEdit,1726502322
ActivityQuickEdit,1726502331
ActivityQuickEdit,1726502339
ActivityQuickEdit,1726502347
ActivityQuickEdit,1726502353
ActivityQuickEdit,1726502359
ActivityQuickEdit,1726502365
ActivityQuickEdit,1726502371
ActivityQuickEdit,1726502376
ActivityQuickEdit,1726502382
ActivityQuickEdit,1726502395
ActivityQuickEdit,1726502401
ActivityQuickEdit,1726502408
ActivityQuickEdit,1726502414
ActivityQuickEdit,1726502422
ActivityQuickEdit,1726504261
ActivityQuickEdit,1726504281
ActivityQuickEdit,1726504306
ActivityQuickEdit,1726504443
ActivityQuickEdit,1726505107
ActivityQuickEdit,1726505133
ActivityQuickEdit,1726506245
ActivityQuickEdit,1726509398
ActivityQuickEdit,1726509424
ActivityQuickEdit,1726509872
ActivityQuickEdit,1726509888
ActivityQuickEdit,1726510784
ActivityQuickEdit,1726511154
ActivityQuickEdit,1726518218
ActivityQuickEdit,1726518227
ActivityQuickEdit,1726518385
ActivityQuickEdit,1726518400
ActivityQuickEdit,1726518407
ActivityQuickEdit,1726518427
ActivityQuickEdit,1726518486
ActivityQuickEdit,1726519087
ActivityQuickEdit,1726519233
ActivityQuickEdit,1726519246
ActivityQuickEdit,1726519464
ActivityQuickEdit,1726529183
ActivityQuickEdit,1726529184
ActivityQuickEdit,1726530396
ActivityQuickEdit,1726530433
ActivityQuickEdit,1726530434
ActivityQuickEdit,1726530446
ActivityQuickEdit,1726530467
ActivityQuickEdit,1726530485
ActivityQuickEdit,1726530487
ActivityQuickEdit,1726530502
ActivityQuickEdit,1726530505
ActivityQuickEdit,1726531891
ActivityQuickEdit,1726532197
ActivityQuickEdit,1726534705
ActivityQuickEdit,1726534729
ActivityQuickEdit,1726534775
ActivityQuickEdit,1726534784
ActivityQuickEdit,1726537255
ActivityQuickEdit,1726537269
ActivityQuickEdit,1726540333
ActivityQuickEdit,1726540416
ActivityQuickEdit,1726567050
ActivityQuickEdit,1726567073
ActivityQuickEdit,1726567074
ActivityQuickEdit,1726567077
ActivityQuickEdit,1726567107
ActivityQuickEdit,1726567124
ActivityQuickEdit,1726571511
ActivityQuickEdit,1726571516
ActivityQuickEdit,1726571527
ActivityQuickEdit,1726571674
ActivityQuickEdit,1726573220
ActivityQuickEdit,1726573221
ActivityQuickEdit,1726573223
ActivityQuickEdit,1726573236
ActivityQuickEdit,1726573247
ActivityQuickEdit,1726573255
ActivityQuickEdit,1726573263
ActivityQuickEdit,1726574547
ActivityQuickEdit,1726574553
ActivityQuickEdit,1726575886
ActivityQuickEdit,1726575905
ActivityQuickEdit,1726577742
ActivityQuickEdit,1726578430
ActivityQuickEdit,1726589825
ActivityQuickEdit,1726589921
ActivityQuickEdit,1726589936
ActivityQuickEdit,1726593154
ActivityQuickEdit,1726593164
ActivityQuickEdit,1726593176
ActivityQuickEdit,1726607981
ActivityQuickEdit,1726608018
ActivityQuickEdit,1726608039
ActivityQuickEdit,1726612745
ActivityQuickEdit,1726618528
ActivityQuickEdit,1726618564
ActivityQuickEdit,1726624952
ActivityQuickEdit,1726624957
ActivityQuickEdit,1726624961
ActivityQuickEdit,1726647161
ActivityQuickEdit,1726647184
ActivityQuickEdit,1726647212
ActivityQuickEdit,1726647556
ActivityQuickEdit,1726657949
ActivityQuickEdit,1726657950
ActivityQuickEdit,1726659095
ActivityQuickEdit,1726659097
ActivityQuickEdit,1726659104
ActivityQuickEdit,1726660278
ActivityQuickEdit,1726660289
ActivityQuickEdit,1726660292
ActivityQuickEdit,1726660315
ActivityQuickEdit,1726660343
ActivityQuickEdit,1726660366
ActivityQuickEdit,1726660375
ActivityQuickEdit,1726663086
ActivityQuickEdit,1726663097
ActivityQuickEdit,1726667042
ActivityQuickEdit,1726695390
ActivityQuickEdit,1726695394
ActivityQuickEdit,1726695403
ActivityQuickEdit,1726739390
ActivityQuickEdit,1726739401
ActivityQuickEdit,1726740141
ActivityQuickEdit,1726740142
ActivityQuickEdit,1726740148
ActivityQuickEdit,1726740160
ActivityQuickEdit,1726740168
ActivityQuickEdit,1726745664
ActivityQuickEdit,1726745846
ActivityQuickEdit,1726745847
ActivityQuickEdit,1726745850
ActivityQuickEdit,1726745862
ActivityQuickEdit,1726745878
ActivityQuickEdit,1726745882
ActivityQuickEdit,1726745903
ActivityQuickEdit,1726745906
ActivityQuickEdit,1726745955
ActivityQuickEdit,1726745959
ActivityQuickEdit,1726748354
ActivityQuickEdit,1726748382
ActivityQuickEdit,1726748656
ActivityQuickEdit,1726748667
ActivityQuickEdit,1726749404
ActivityQuickEdit,1726749415
ActivityQuickEdit,1726757204
ActivityQuickEdit,1726772940
ActivityQuickEdit,1726773095
ActivityQuickEdit,1726773098
ActivityQuickEdit,1726773102
ActivityQuickEdit,1726775577
ActivityQuickEdit,1726786164
ActivityQuickEdit,1726786165
ActivityQuickEdit,1726786167
ActivityQuickEdit,1726786182
ActivityQuickEdit,1726796463
ActivityQuickEdit,1726796820
ActivityQuickEdit,1726796833
ActivityQuickEdit,1726796841
ActivityQuickEdit,1726796848
ActivityQuickEdit,1726796856
ActivityQuickEdit,1726796864
ActivityQuickEdit,1726796872
ActivityQuickEdit,1726796878
ActivityQuickEdit,1726796881
ActivityQuickEdit,1726796888
ActivityQuickEdit,1726796895
ActivityQuickEdit,1726796901
ActivityQuickEdit,1726796907
ActivityQuickEdit,1726796914
ActivityQuickEdit,1726796922
ActivityQuickEdit,1726796972
ActivityQuickEdit,1726796980
ActivityQuickEdit,1726796987
ActivityQuickEdit,1726796994
ActivityQuickEdit,1726797001
ActivityQuickEdit,1726797009
ActivityQuickEdit,1726797015
ActivityQuickEdit,1726797022
ActivityQuickEdit,1726797031
ActivityQuickEdit,1726797039
ActivityQuickEdit,1726797048
ActivityQuickEdit,1726797056
ActivityQuickEdit,1726797063
ActivityQuickEdit,1726797069
ActivityQuickEdit,1726797076
ActivityQuickEdit,1726797087
ActivityQuickEdit,1726797093
ActivityQuickEdit,1726797099
ActivityQuickEdit,1726797105
ActivityQuickEdit,1726797112
ActivityQuickEdit,1726797180
ActivityQuickEdit,1726797187
ActivityQuickEdit,1726797193
ActivityQuickEdit,1726797199
ActivityQuickEdit,1726797206
ActivityQuickEdit,1726797212
ActivityQuickEdit,1726797217
ActivityQuickEdit,1726797223
ActivityQuickEdit,1726797230
ActivityQuickEdit,1726797236
ActivityQuickEdit,1726797241
ActivityQuickEdit,1726797255
ActivityQuickEdit,1726797262
ActivityQuickEdit,1726797268
ActivityQuickEdit,1726797273
ActivityQuickEdit,1726797279
ActivityQuickEdit,1726797285
ActivityQuickEdit,1726797299
ActivityQuickEdit,1726797305
ActivityQuickEdit,1726797311
ActivityQuickEdit,1726797317
ActivityQuickEdit,1726797323
ActivityQuickEdit,1726797330
ActivityQuickEdit,1726797429
ActivityQuickEdit,1726797437
ActivityQuickEdit,1726797444
ActivityQuickEdit,1726797450
ActivityQuickEdit,1726797455
ActivityQuickEdit,1726797465
ActivityQuickEdit,1726797472
ActivityQuickEdit,1726797479
ActivityQuickEdit,1726797488
ActivityQuickEdit,1726797496
ActivityQuickEdit,1726797503
ActivityQuickEdit,1726797509
ActivityQuickEdit,1726797517
ActivityQuickEdit,1726797523
ActivityQuickEdit,1726797529
ActivityQuickEdit,1726797535
ActivityQuickEdit,1726797541
ActivityQuickEdit,1726797546
ActivityQuickEdit,1726797553
ActivityQuickEdit,1726797563
ActivityQuickEdit,1726797571
ActivityQuickEdit,1726797576
ActivityQuickEdit,1726797582
ActivityQuickEdit,1726797588
ActivityQuickEdit,1726797593
ActivityQuickEdit,1726797599
ActivityQuickEdit,1726797604
ActivityQuickEdit,1726797612
ActivityQuickEdit,1726797618
ActivityQuickEdit,1726797624
ActivityQuickEdit,1726797630
ActivityQuickEdit,1726797731
ActivityQuickEdit,1726797734
ActivityQuickEdit,1726797741
ActivityQuickEdit,1726797747
ActivityQuickEdit,1726797753
ActivityQuickEdit,1726797801
ActivityQuickEdit,1726797808
ActivityQuickEdit,1726797814
ActivityQuickEdit,1726797820
ActivityQuickEdit,1726797828
ActivityQuickEdit,1726797834
ActivityQuickEdit,1726797840
ActivityQuickEdit,1726797845
ActivityQuickEdit,1726797851
ActivityQuickEdit,1726797856
ActivityQuickEdit,1726797863
ActivityQuickEdit,1726797870
ActivityQuickEdit,1726797882
ActivityQuickEdit,1726797888
ActivityQuickEdit,1726797894
ActivityQuickEdit,1726797899
ActivityQuickEdit,1726797905
ActivityQuickEdit,1726797911
ActivityQuickEdit,1726797918
ActivityQuickEdit,1726797924
ActivityQuickEdit,1726797929
ActivityQuickEdit,1726797935
ActivityQuickEdit,1726797941
ActivityQuickEdit,1726797947
ActivityQuickEdit,1726797953
CelebrationNthActivity900,1717677955
CelebrationNthActivity1000,1723506218
SubscriptionOverviewPerksNew,1716835262
MapsRedesignModalUnseen,1712793480
MapRedesignTooltipSavedUnseen,1713055459
MapRedesignTooltipSearchBarUnseen,1717193996
MapRedesignTooltipSearchBarUnseen,1726332831
MapRedesignTooltipSearchBarUnseen,1726332853
MapRedesignTooltipSearchBarUnseen,1726332858
MapRedesignTooltipMapOnly,1720702413
VerifiedSegmentsInfoCoachmark,1722017184
VerifiedSegmentsInfoCoachmark,1723386810
HideStartTime,1720095049
ActivityQuickEditADP,1726221525
ActivityQuickEditADP,1726221529
ActivityQuickEditADP,1726227954
ActivityQuickEditADP,1726227957
ActivityQuickEditADP,1726227976
ActivityQuickEditADP,1726227978
ActivityQuickEditADP,1726232225
ActivityQuickEditADP,1726233722
ActivityQuickEditADP,1726251824
ActivityQuickEditADP,1726251826
ActivityQuickEditADP,1726251842
ActivityQuickEditADP,1726251844
ActivityQuickEditADP,1726251870
ActivityQuickEditADP,1726251883
ActivityQuickEditADP,1726252021
ActivityQuickEditADP,1726252053
ActivityQuickEditADP,1726317054
ActivityQuickEditADP,1726317066
ActivityQuickEditADP,1726317085
ActivityQuickEditADP,1726317087
ActivityQuickEditADP,1726360880
ActivityQuickEditADP,1726363233
ActivityQuickEditADP,1726367511
ActivityQuickEditADP,1726372638
ActivityQuickEditADP,1726402196
ActivityQuickEditADP,1726405138
ActivityQuickEditADP,1726427497
ActivityQuickEditADP,1726427502
ActivityQuickEditADP,1726428798
ActivityQuickEditADP,1726428816
ActivityQuickEditADP,1726428855
ActivityQuickEditADP,1726432297
ActivityQuickEditADP,1726432300
ActivityQuickEditADP,1726480013
ActivityQuickEditADP,1726480015
ActivityQuickEditADP,1726485047
ActivityQuickEditADP,1726485052
ActivityQuickEditADP,1726485564
ActivityQuickEditADP,1726486060
ActivityQuickEditADP,1726486063
ActivityQuickEditADP,1726486610
ActivityQuickEditADP,1726486700
ActivityQuickEditADP,1726501394
ActivityQuickEditADP,1726501404
ActivityQuickEditADP,1726501413
ActivityQuickEditADP,1726501422
ActivityQuickEditADP,1726501432
ActivityQuickEditADP,1726501440
ActivityQuickEditADP,1726501448
ActivityQuickEditADP,1726501455
ActivityQuickEditADP,1726501462
ActivityQuickEditADP,1726501470
ActivityQuickEditADP,1726501478
ActivityQuickEditADP,1726501487
ActivityQuickEditADP,1726501495
ActivityQuickEditADP,1726501501
ActivityQuickEditADP,1726501507
ActivityQuickEditADP,1726501513
ActivityQuickEditADP,1726501519
ActivityQuickEditADP,1726501525
ActivityQuickEditADP,1726501592
ActivityQuickEditADP,1726501607
ActivityQuickEditADP,1726501614
ActivityQuickEditADP,1726501627
ActivityQuickEditADP,1726501637
ActivityQuickEditADP,1726501644
ActivityQuickEditADP,1726501651
ActivityQuickEditADP,1726501657
ActivityQuickEditADP,1726501663
ActivityQuickEditADP,1726501670
ActivityQuickEditADP,1726501782
ActivityQuickEditADP,1726501789
ActivityQuickEditADP,1726501797
ActivityQuickEditADP,1726501805
ActivityQuickEditADP,1726501833
ActivityQuickEditADP,1726501840
ActivityQuickEditADP,1726501849
ActivityQuickEditADP,1726501859
ActivityQuickEditADP,1726501866
ActivityQuickEditADP,1726501872
ActivityQuickEditADP,1726501883
ActivityQuickEditADP,1726501890
ActivityQuickEditADP,1726501896
ActivityQuickEditADP,1726501902
ActivityQuickEditADP,1726501908
ActivityQuickEditADP,1726501920
ActivityQuickEditADP,1726501928
ActivityQuickEditADP,1726501934
ActivityQuickEditADP,1726501941
ActivityQuickEditADP,1726502074
ActivityQuickEditADP,1726502089
ActivityQuickEditADP,1726502105
ActivityQuickEditADP,1726502112
ActivityQuickEditADP,1726502117
ActivityQuickEditADP,1726502124
ActivityQuickEditADP,1726502133
ActivityQuickEditADP,1726502146
ActivityQuickEditADP,1726502189
ActivityQuickEditADP,1726502194
ActivityQuickEditADP,1726502202
ActivityQuickEditADP,1726502208
ActivityQuickEditADP,1726502215
ActivityQuickEditADP,1726502224
ActivityQuickEditADP,1726502230
ActivityQuickEditADP,1726502236
ActivityQuickEditADP,1726502242
ActivityQuickEditADP,1726502248
ActivityQuickEditADP,1726502255
ActivityQuickEditADP,1726502261
ActivityQuickEditADP,1726502268
ActivityQuickEditADP,1726502274
ActivityQuickEditADP,1726502279
ActivityQuickEditADP,1726502292
ActivityQuickEditADP,1726502299
ActivityQuickEditADP,1726502305
ActivityQuickEditADP,1726502312
ActivityQuickEditADP,1726502322
ActivityQuickEditADP,1726502331
ActivityQuickEditADP,1726502339
ActivityQuickEditADP,1726502347
ActivityQuickEditADP,1726502353
ActivityQuickEditADP,1726502359
ActivityQuickEditADP,1726502365
ActivityQuickEditADP,1726502371
ActivityQuickEditADP,1726502376
ActivityQuickEditADP,1726502382
ActivityQuickEditADP,1726502395
ActivityQuickEditADP,1726502401
ActivityQuickEditADP,1726502408
ActivityQuickEditADP,1726502414
ActivityQuickEditADP,1726502422
ActivityQuickEditADP,1726509398
ActivityQuickEditADP,1726509424
ActivityQuickEditADP,1726529184
ActivityQuickEditADP,1726530434
ActivityQuickEditADP,1726530446
ActivityQuickEditADP,1726530467
ActivityQuickEditADP,1726530485
ActivityQuickEditADP,1726530487
ActivityQuickEditADP,1726530502
ActivityQuickEditADP,1726530505
ActivityQuickEditADP,1726567074
ActivityQuickEditADP,1726567077
ActivityQuickEditADP,1726571674
ActivityQuickEditADP,1726573221
ActivityQuickEditADP,1726573223
ActivityQuickEditADP,1726573255
ActivityQuickEditADP,1726574553
ActivityQuickEditADP,1726575905
ActivityQuickEditADP,1726593164
ActivityQuickEditADP,1726593176
ActivityQuickEditADP,1726657950
ActivityQuickEditADP,1726659095
ActivityQuickEditADP,1726660289
ActivityQuickEditADP,1726660292
ActivityQuickEditADP,1726660315
ActivityQuickEditADP,1726660343
ActivityQuickEditADP,1726663097
ActivityQuickEditADP,1726695403
ActivityQuickEditADP,1726740142
ActivityQuickEditADP,1726740148
ActivityQuickEditADP,1726745847
ActivityQuickEditADP,1726745850
ActivityQuickEditADP,1726745878
ActivityQuickEditADP,1726745882
ActivityQuickEditADP,1726745903
ActivityQuickEditADP,1726745906
ActivityQuickEditADP,1726748667
ActivityQuickEditADP,1726786165
ActivityQuickEditADP,1726786167
ActivityQuickEditADP,1726796820
ActivityQuickEditADP,1726796833
ActivityQuickEditADP,1726796841
ActivityQuickEditADP,1726796848
ActivityQuickEditADP,1726796856
ActivityQuickEditADP,1726796864
ActivityQuickEditADP,1726796872
ActivityQuickEditADP,1726796878
ActivityQuickEditADP,1726796881
ActivityQuickEditADP,1726796888
ActivityQuickEditADP,1726796895
ActivityQuickEditADP,1726796901
ActivityQuickEditADP,1726796907
ActivityQuickEditADP,1726796914
ActivityQuickEditADP,1726796922
ActivityQuickEditADP,1726796972
ActivityQuickEditADP,1726796980
ActivityQuickEditADP,1726796987
ActivityQuickEditADP,1726796994
ActivityQuickEditADP,1726797001
ActivityQuickEditADP,1726797009
ActivityQuickEditADP,1726797015
ActivityQuickEditADP,1726797022
ActivityQuickEditADP,1726797031
ActivityQuickEditADP,1726797039
ActivityQuickEditADP,1726797048
ActivityQuickEditADP,1726797056
ActivityQuickEditADP,1726797063
ActivityQuickEditADP,1726797069
ActivityQuickEditADP,1726797076
ActivityQuickEditADP,1726797087
ActivityQuickEditADP,1726797093
ActivityQuickEditADP,1726797099
ActivityQuickEditADP,1726797105
ActivityQuickEditADP,1726797112
ActivityQuickEditADP,1726797180
ActivityQuickEditADP,1726797187
ActivityQuickEditADP,1726797193
ActivityQuickEditADP,1726797199
ActivityQuickEditADP,1726797206
ActivityQuickEditADP,1726797212
ActivityQuickEditADP,1726797217
ActivityQuickEditADP,1726797223
ActivityQuickEditADP,1726797230
ActivityQuickEditADP,1726797236
ActivityQuickEditADP,1726797241
ActivityQuickEditADP,1726797255
ActivityQuickEditADP,1726797262
ActivityQuickEditADP,1726797268
ActivityQuickEditADP,1726797273
ActivityQuickEditADP,1726797279
ActivityQuickEditADP,1726797285
ActivityQuickEditADP,1726797299
ActivityQuickEditADP,1726797305
ActivityQuickEditADP,1726797311
ActivityQuickEditADP,1726797317
ActivityQuickEditADP,1726797323
ActivityQuickEditADP,1726797330
ActivityQuickEditADP,1726797429
ActivityQuickEditADP,1726797437
ActivityQuickEditADP,1726797444
ActivityQuickEditADP,1726797450
ActivityQuickEditADP,1726797455
ActivityQuickEditADP,1726797465
ActivityQuickEditADP,1726797472
ActivityQuickEditADP,1726797479
ActivityQuickEditADP,1726797488
ActivityQuickEditADP,1726797496
ActivityQuickEditADP,1726797503
ActivityQuickEditADP,1726797509
ActivityQuickEditADP,1726797517
ActivityQuickEditADP,1726797523
ActivityQuickEditADP,1726797529
ActivityQuickEditADP,1726797535
ActivityQuickEditADP,1726797541
ActivityQuickEditADP,1726797546
ActivityQuickEditADP,1726797553
ActivityQuickEditADP,1726797563
ActivityQuickEditADP,1726797571
ActivityQuickEditADP,1726797576
ActivityQuickEditADP,1726797582
ActivityQuickEditADP,1726797588
ActivityQuickEditADP,1726797593
ActivityQuickEditADP,1726797599
ActivityQuickEditADP,1726797604
ActivityQuickEditADP,1726797612
ActivityQuickEditADP,1726797618
ActivityQuickEditADP,1726797624
ActivityQuickEditADP,1726797630
ActivityQuickEditADP,1726797731
ActivityQuickEditADP,1726797734
ActivityQuickEditADP,1726797741
ActivityQuickEditADP,1726797747
ActivityQuickEditADP,1726797753
ActivityQuickEditADP,1726797801
ActivityQuickEditADP,1726797808
ActivityQuickEditADP,1726797814
ActivityQuickEditADP,1726797820
ActivityQuickEditADP,1726797828
ActivityQuickEditADP,1726797834
ActivityQuickEditADP,1726797840
ActivityQuickEditADP,1726797845
ActivityQuickEditADP,1726797851
ActivityQuickEditADP,1726797856
ActivityQuickEditADP,1726797863
ActivityQuickEditADP,1726797870
ActivityQuickEditADP,1726797882
ActivityQuickEditADP,1726797888
ActivityQuickEditADP,1726797894
ActivityQuickEditADP,1726797899
ActivityQuickEditADP,1726797905
ActivityQuickEditADP,1726797911
ActivityQuickEditADP,1726797918
ActivityQuickEditADP,1726797924
ActivityQuickEditADP,1726797929
ActivityQuickEditADP,1726797935
ActivityQuickEditADP,1726797941
ActivityQuickEditADP,1726797947
ActivityQuickEditADP,1726797953
GeoSportSpecificHeatmapTwo,1722467247
QuickEditCoachmark,1725582954
