Reaction Date,Reaction Type,Parent Type,Parent ID
"May 19, 2023, 11:23:39 PM",Kudos,Activity,9094051108
"May 19, 2023, 11:23:41 PM",Kudos,Activity,9094045311
"May 19, 2023, 11:24:05 PM",Kudos,Activity,9082039214
"May 19, 2023, 11:24:07 PM",Kudos,Activity,9093864605
"May 23, 2023, 1:07:18 PM",Kudos,Activity,9116834083
"May 25, 2023, 11:04:14 PM",Kudos,Activity,9139052564
"May 25, 2023, 11:04:18 PM",Kudos,Activity,9137794904
"May 26, 2023, 11:23:15 PM",Kudos,Activity,7971776264
"Jun 1, 2023, 1:54:12 PM",Kudos,Activity,9179277908
"Jun 4, 2023, 6:16:18 PM",Kudos,Activity,9197018007
"Jun 5, 2023, 1:31:15 AM",Kudos,Activity,9194842283
"Jun 5, 2023, 10:59:45 PM",Kudos,Activity,9209084880
"Jun 10, 2023, 11:59:20 AM",Kudos,Activity,9229970626
"Jun 15, 2023, 11:07:27 AM",Kudos,Activity,9226910147
"Jun 21, 2023, 12:54:54 AM",Kudos,Activity,9301227771
"Jun 26, 2023, 10:24:52 AM",Kudos,Activity,9333045068
"Jun 29, 2023, 3:56:48 PM",Kudos,Activity,9357034779
"Jul 1, 2023, 5:32:01 PM",Kudos,Activity,9369164531
"Jul 2, 2023, 1:41:58 PM",Kudos,Activity,9373754845
"Jul 3, 2023, 3:38:23 PM",Kudos,Activity,9380203672
"Jul 3, 2023, 3:39:04 PM",Kudos,Activity,9377981033
"Jul 3, 2023, 11:07:57 PM",Kudos,Activity,9383378139
"Jul 4, 2023, 4:06:14 PM",Kudos,Activity,9386903268
"Jul 6, 2023, 11:18:20 AM",Kudos,Activity,9395661016
"Jul 6, 2023, 4:46:27 PM",Kudos,Activity,9399905342
"Jul 6, 2023, 4:46:28 PM",Kudos,Activity,9399836554
"Jul 11, 2023, 9:46:32 PM",Kudos,Activity,9431785714
"Jul 11, 2023, 9:46:33 PM",Kudos,Activity,9431038505
"Jul 22, 2023, 3:11:23 PM",Kudos,Activity,9499986631
"Jul 23, 2023, 1:26:46 PM",Kudos,Activity,9505342119
"Jul 29, 2023, 3:40:32 AM",Kudos,Activity,9534720914
"Jul 29, 2023, 8:17:05 PM",Kudos,Activity,9543662936
"Jul 31, 2023, 2:12:46 AM",Kudos,Activity,9553205354
"Jul 31, 2023, 6:22:53 PM",Kudos,Activity,9555569333
"Aug 2, 2023, 12:59:23 AM",Kudos,Activity,9564956982
"Aug 7, 2023, 7:26:05 PM",Kudos,Activity,9600471811
"Aug 10, 2023, 1:29:32 PM",Kudos,Activity,9609668278
"Aug 15, 2023, 11:46:08 AM",Kudos,Activity,9649208760
"Aug 19, 2023, 12:40:38 PM",Kudos,Activity,9678306541
"Aug 20, 2023, 11:38:20 AM",Kudos,Activity,9680961122
"Aug 25, 2023, 6:44:29 PM",Kudos,Activity,9719714561
"Aug 27, 2023, 4:20:01 PM",Kudos,Activity,9727668425
"Aug 27, 2023, 4:20:07 PM",Kudos,Activity,9730342253
"Sep 3, 2023, 3:50:23 PM",Kudos,Activity,9772178155
"Sep 11, 2023, 10:27:32 PM",Kudos,Activity,9830820014
"Sep 15, 2023, 11:59:55 AM",Kudos,Activity,9853337920
"Sep 22, 2023, 3:38:04 PM",Kudos,Activity,9895119148
"Sep 22, 2023, 3:38:17 PM",Kudos,Activity,9896029525
"Sep 23, 2023, 2:46:53 PM",Kudos,Activity,9904602054
"Oct 8, 2023, 11:48:33 PM",Kudos,Activity,10003156268
"Oct 8, 2023, 11:49:01 PM",Kudos,Activity,9996940379
"Oct 9, 2023, 7:12:22 PM",Kudos,Activity,10006959844
"Oct 12, 2023, 5:01:02 PM",Kudos,Activity,10022066661
"Oct 18, 2023, 11:26:09 AM",Kudos,Activity,10060415364
"Oct 18, 2023, 11:26:34 AM",Kudos,Activity,10052528215
"Oct 18, 2023, 11:26:39 AM",Kudos,Activity,10058325573
"Oct 18, 2023, 11:26:44 AM",Kudos,Activity,10054887850
"Oct 20, 2023, 2:25:05 PM",Kudos,Activity,10072375457
"Oct 29, 2023, 1:04:18 PM",Kudos,Activity,10125039588
"Nov 2, 2023, 5:07:41 PM",Kudos,Activity,10148676800
"Nov 4, 2023, 9:52:11 PM",Kudos,Activity,10160411164
"Nov 7, 2023, 12:38:40 PM",Kudos,Activity,10175798928
"Nov 8, 2023, 1:28:09 AM",Kudos,Activity,10180061084
"Nov 15, 2023, 9:38:56 PM",Kudos,Activity,10222332153
"Nov 20, 2023, 12:48:37 AM",Kudos,Activity,10248809019
"Nov 20, 2023, 3:20:43 PM",Kudos,Activity,10250920695
"Nov 20, 2023, 3:20:55 PM",Kudos,Activity,10251415793
"Nov 20, 2023, 3:43:31 PM",Kudos,Activity,10251563112
"Nov 25, 2023, 4:01:37 PM",Kudos,Activity,10279362960
"Nov 27, 2023, 9:28:39 AM",Kudos,Activity,10284219941
"Nov 29, 2023, 11:46:29 PM",Kudos,Activity,10303676867
"Dec 10, 2023, 6:15:06 PM",Kudos,Activity,10359498867
"Dec 20, 2023, 4:49:03 AM",Kudos,Activity,10407647574
"Dec 20, 2023, 4:49:14 AM",Kudos,Activity,10403850590
"Dec 20, 2023, 4:49:33 AM",Kudos,Activity,10404962938
"Dec 20, 2023, 4:49:37 AM",Kudos,Activity,10403723410
"Dec 21, 2023, 9:06:45 PM",Kudos,Activity,10413872301
"Dec 24, 2023, 3:33:10 PM",Kudos,Activity,10429590247
"Dec 24, 2023, 3:33:17 PM",Kudos,Activity,10429924811
"Dec 26, 2023, 8:29:20 PM",Kudos,Activity,10439149556
"Dec 27, 2023, 1:06:07 AM",Kudos,Activity,10442036365
"Dec 27, 2023, 1:06:12 AM",Kudos,Activity,10442249587
"Dec 27, 2023, 1:06:23 AM",Kudos,Activity,10441758176
"Dec 27, 2023, 12:29:02 PM",Kudos,Activity,10443897962
"Dec 27, 2023, 11:55:08 PM",Kudos,Activity,10447799281
"Dec 31, 2023, 1:26:23 AM",Kudos,Activity,10449560642
"Dec 31, 2023, 1:26:28 AM",Kudos,Activity,10461744213
"Jan 2, 2024, 9:44:08 PM",Kudos,Activity,10479840061
"Jan 2, 2024, 9:45:04 PM",Kudos,Activity,10474015264
"Jan 3, 2024, 7:43:45 PM",Kudos,Activity,10485121976
"Jan 3, 2024, 7:43:56 PM",Kudos,Activity,10485122555
"Jan 3, 2024, 7:44:01 PM",Kudos,Activity,10485962470
"Jan 8, 2024, 12:03:59 PM",Kudos,Activity,10516730794
"Jan 9, 2024, 12:49:46 AM",Kudos,Activity,10521374169
"Jan 11, 2024, 1:59:31 PM",Kudos,Activity,10536957867
"Jan 12, 2024, 12:56:12 PM",Kudos,Activity,10543182295
"Jan 12, 2024, 12:56:14 PM",Kudos,Activity,10542334692
"Jan 13, 2024, 4:11:07 PM",Kudos,Activity,10551135206
"Jan 14, 2024, 1:01:49 PM",Kudos,Activity,10555831364
"Jan 15, 2024, 2:43:30 PM",Kudos,Activity,10561908301
"Jan 15, 2024, 2:44:55 PM",Kudos,Activity,10556706934
"Jan 15, 2024, 2:45:13 PM",Kudos,Activity,10549862433
"Jan 15, 2024, 2:45:15 PM",Kudos,Activity,10549586340
"Jan 15, 2024, 2:48:11 PM",Kudos,Post,27381293
"Jan 16, 2024, 1:29:14 AM",Kudos,Activity,10566418781
"Jan 16, 2024, 2:42:25 PM",Kudos,Activity,10569456444
"Jan 16, 2024, 2:42:36 PM",Kudos,Activity,10568094074
"Jan 17, 2024, 12:25:28 AM",Kudos,Activity,10572811043
"Jan 17, 2024, 12:25:49 AM",Kudos,Activity,10572810028
"Jan 17, 2024, 12:26:36 AM",Kudos,Activity,10568212206
"Jan 17, 2024, 1:18:11 PM",Kudos,Activity,10575038422
"Jan 18, 2024, 12:51:32 AM",Kudos,Activity,10579157923
"Jan 19, 2024, 3:05:54 AM",Kudos,Activity,10584900872
"Jan 19, 2024, 3:06:12 AM",Kudos,Activity,10581189426
"Jan 19, 2024, 3:06:33 AM",Kudos,Activity,10580916831
"Jan 19, 2024, 10:39:35 PM",Kudos,Activity,10587512275
"Jan 19, 2024, 10:39:37 PM",Kudos,Activity,10590694272
"Jan 19, 2024, 10:39:46 PM",Kudos,Activity,10587448893
"Jan 19, 2024, 10:39:49 PM",Kudos,Activity,10587067141
"Jan 20, 2024, 7:01:05 PM",Kudos,Activity,10593835365
"Jan 20, 2024, 7:01:25 PM",Kudos,Activity,10593485130
"Jan 20, 2024, 7:01:29 PM",Kudos,Activity,10593232382
"Jan 20, 2024, 7:01:32 PM",Kudos,Activity,10593258504
"Jan 22, 2024, 1:18:00 AM",Kudos,Activity,10604383782
"Jan 22, 2024, 1:18:01 AM",Kudos,Activity,10604651497
"Jan 23, 2024, 9:29:20 PM",Kudos,Activity,10613685187
"Jan 23, 2024, 9:29:22 PM",Kudos,Activity,10614745706
"Jan 24, 2024, 10:05:23 PM",Kudos,Activity,10620338258
"Jan 27, 2024, 11:39:43 AM",Kudos,Activity,10635798520
"Jan 30, 2024, 2:45:40 AM",Kudos,Activity,10657086318
"Jan 31, 2024, 12:54:05 AM",Kudos,Activity,10664141291
"Feb 1, 2024, 1:48:44 PM",Kudos,Activity,10673119014
"Feb 1, 2024, 1:48:47 PM",Kudos,Activity,10673027653
"Feb 1, 2024, 1:49:03 PM",Kudos,Activity,10670882799
"Feb 1, 2024, 1:49:19 PM",Kudos,Activity,10666442646
"Feb 1, 2024, 1:49:23 PM",Kudos,Activity,10666309110
"Feb 1, 2024, 10:37:48 PM",Kudos,Activity,10677027453
"Feb 3, 2024, 6:52:41 PM",Kudos,Activity,10686553710
"Feb 3, 2024, 6:53:07 PM",Kudos,Activity,10689465643
"Feb 3, 2024, 6:53:09 PM",Kudos,Activity,10686894538
"Feb 3, 2024, 6:53:19 PM",Kudos,Activity,10683784464
"Feb 3, 2024, 6:53:22 PM",Kudos,Activity,10682014050
"Feb 6, 2024, 5:36:31 PM",Kudos,Activity,10707518490
"Feb 7, 2024, 12:26:02 PM",Kudos,Activity,10713686293
"Feb 7, 2024, 12:34:27 PM",Kudos,Activity,10713331339
"Feb 8, 2024, 12:53:28 PM",Kudos,Activity,10719921247
"Feb 8, 2024, 12:53:37 PM",Kudos,Activity,10717978960
"Feb 13, 2024, 6:54:43 PM",Kudos,Activity,10749965702
"Feb 14, 2024, 5:47:23 PM",Kudos,Activity,10761658382
"Feb 14, 2024, 5:47:27 PM",Kudos,Activity,10758993260
"Feb 15, 2024, 1:40:47 AM",Kudos,Activity,10763460340
"Feb 15, 2024, 1:40:58 AM",Kudos,Activity,10763453493
"Feb 19, 2024, 9:07:33 PM",Kudos,Activity,10793639173
"Feb 20, 2024, 10:13:53 PM",Kudos,Activity,10803714523
"Feb 20, 2024, 10:14:01 PM",Kudos,Activity,10800800446
"Feb 28, 2024, 3:25:42 PM",Kudos,Activity,10853750687
"Feb 28, 2024, 3:25:53 PM",Kudos,Activity,10853518631
"Mar 2, 2024, 3:20:55 PM",Kudos,Activity,10873286674
"Mar 2, 2024, 3:21:02 PM",Kudos,Activity,10870530106
"Mar 2, 2024, 3:21:21 PM",Kudos,Activity,10871271462
"Mar 3, 2024, 11:18:57 PM",Kudos,Activity,10884735970
"Mar 3, 2024, 11:19:12 PM",Kudos,Activity,10881744869
"Mar 4, 2024, 6:19:12 PM",Kudos,Activity,10886862137
"Mar 4, 2024, 6:19:17 PM",Kudos,Activity,10886718704
"Mar 5, 2024, 1:05:42 PM",Kudos,Activity,10894158612
"Mar 5, 2024, 4:29:55 PM",Kudos,Activity,10895272899
"Mar 7, 2024, 12:51:55 AM",Kudos,Activity,10906385340
"Mar 7, 2024, 12:51:59 AM",Kudos,Activity,10906033671
"Mar 9, 2024, 7:20:18 AM",Kudos,Activity,10919442043
"Mar 9, 2024, 3:24:36 PM",Kudos,Activity,10922078743
"Mar 12, 2024, 1:31:15 PM",Kudos,Activity,10942797771
"Mar 13, 2024, 2:05:07 AM",Kudos,Activity,10947263331
"Mar 14, 2024, 11:45:06 AM",Kudos,Activity,10956916441
"Mar 15, 2024, 2:20:23 AM",Kudos,Activity,10961674733
"Mar 16, 2024, 1:04:47 AM",Kudos,Activity,10963695905
"Mar 18, 2024, 1:15:25 PM",Kudos,Activity,10985447667
"Mar 19, 2024, 12:15:45 PM",Kudos,Activity,10991661635
"Mar 19, 2024, 12:59:29 PM",Kudos,Activity,10991443979
"Mar 20, 2024, 3:24:42 PM",Kudos,Activity,10999142892
"Mar 20, 2024, 3:26:26 PM",Kudos,Activity,10999092786
"Mar 20, 2024, 3:26:36 PM",Kudos,Activity,10999217653
"Mar 20, 2024, 3:26:41 PM",Kudos,Activity,10997193169
"Mar 20, 2024, 3:26:42 PM",Kudos,Activity,10998878652
"Mar 20, 2024, 3:26:49 PM",Kudos,Activity,10999429301
"Mar 21, 2024, 4:15:24 PM",Kudos,Activity,11003348357
"Mar 21, 2024, 9:17:42 PM",Kudos,Activity,11004404488
"Mar 23, 2024, 7:38:07 PM",Kudos,Activity,11023133529
"Mar 24, 2024, 1:40:56 PM",Kudos,Activity,11028310205
"Mar 25, 2024, 9:11:24 PM",Kudos,Activity,11033980724
"Mar 26, 2024, 5:43:58 PM",Kudos,Activity,11040308309
"Mar 27, 2024, 10:08:34 AM",Kudos,Activity,11044885236
"Mar 28, 2024, 12:07:42 PM",Kudos,Activity,11054032381
"Mar 28, 2024, 12:08:03 PM",Kudos,Activity,11052097645
"Apr 4, 2024, 12:04:03 AM",Kudos,Activity,11101088742
"Apr 4, 2024, 12:04:08 AM",Kudos,Activity,11100624005
"Apr 6, 2024, 3:17:35 PM",Kudos,Activity,11117642564
"Apr 7, 2024, 7:34:16 PM",Kudos,Activity,11122082061
"Apr 8, 2024, 12:14:57 AM",Kudos,Activity,11130373091
"Apr 8, 2024, 9:49:26 PM",Kudos,Activity,11130372994
"Apr 8, 2024, 9:49:43 PM",Kudos,Activity,11133306734
"Apr 8, 2024, 9:49:46 PM",Kudos,Activity,11133273500
"Apr 8, 2024, 9:50:14 PM",Kudos,Activity,11122028742
"Apr 9, 2024, 2:10:51 PM",Kudos,Activity,11140406299
"Apr 9, 2024, 2:10:55 PM",Kudos,Activity,11140441312
"Apr 11, 2024, 1:11:16 AM",Kudos,Activity,11153780557
"Apr 13, 2024, 5:18:01 PM",Kudos,Activity,11171150315
"Apr 14, 2024, 1:26:40 PM",Kudos,Activity,11180348448
"Apr 14, 2024, 1:27:48 PM",Kudos,Activity,11175712178
"Apr 15, 2024, 1:30:43 AM",Kudos,Activity,11180957093
"Apr 15, 2024, 3:15:01 PM",Kudos,Activity,11186459085
"Apr 16, 2024, 4:42:47 PM",Kudos,Activity,11195618012
"Apr 16, 2024, 4:42:49 PM",Kudos,Activity,11195282652
"Apr 18, 2024, 1:00:35 PM",Kudos,Activity,11208851459
"Apr 20, 2024, 4:52:58 PM",Kudos,Activity,11222732013
"Apr 20, 2024, 4:53:00 PM",Kudos,Activity,11219216021
"Apr 21, 2024, 10:10:19 PM",Kudos,Activity,11232297545
"Apr 23, 2024, 11:59:29 PM",Kudos,Activity,11249489407
"Apr 25, 2024, 12:43:08 PM",Kudos,Activity,11260284210
"Apr 26, 2024, 6:04:15 PM",Kudos,Activity,11268311315
"Apr 26, 2024, 6:04:36 PM",Kudos,Activity,11262107584
"Apr 26, 2024, 6:04:44 PM",Kudos,Activity,11254641626
"Apr 26, 2024, 6:04:50 PM",Kudos,Activity,11249645001
"Apr 27, 2024, 9:31:14 PM",Kudos,Activity,11278477750
"Apr 28, 2024, 7:35:00 AM",Kudos,Post,29300084
"Apr 28, 2024, 12:35:18 PM",Kudos,Activity,11282323689
"Apr 28, 2024, 3:42:35 PM",Kudos,Activity,11284596728
"Apr 28, 2024, 3:42:39 PM",Kudos,Activity,11283783962
"Apr 28, 2024, 3:44:27 PM",Kudos,Activity,11283820281
"Apr 30, 2024, 9:59:33 PM",Kudos,Activity,11301837135
"May 1, 2024, 12:40:28 PM",Kudos,Activity,11303543421
"May 1, 2024, 12:40:49 PM",Kudos,Activity,11299646833
"May 2, 2024, 4:16:08 PM",Kudos,Activity,11316136272
"May 5, 2024, 1:33:40 AM",Kudos,Activity,11333545190
"May 5, 2024, 1:33:42 AM",Kudos,Activity,11333538048
"May 8, 2024, 3:14:56 AM",Kudos,Activity,11355580873
"May 9, 2024, 7:09:00 PM",Kudos,Activity,11371881849
"May 9, 2024, 11:02:18 PM",Kudos,Activity,11372812435
"May 11, 2024, 2:02:42 PM",Kudos,Activity,11381158254
"May 12, 2024, 1:12:38 AM",Kudos,Activity,11388104949
"May 12, 2024, 10:42:22 PM",Kudos,Activity,11394981755
"May 13, 2024, 10:46:51 PM",Kudos,Activity,11400191748
"May 14, 2024, 3:28:20 PM",Kudos,Activity,11407841493
"May 14, 2024, 3:28:25 PM",Kudos,Activity,11407688369
"May 14, 2024, 8:59:25 PM",Kudos,Activity,11411691898
"May 14, 2024, 8:59:36 PM",Kudos,Activity,11411429849
"May 14, 2024, 8:59:41 PM",Kudos,Activity,11411040752
"May 15, 2024, 1:51:02 AM",Kudos,Activity,11412578383
"May 15, 2024, 12:36:49 PM",Kudos,Activity,11416034305
"May 15, 2024, 10:39:04 PM",Kudos,Activity,11419793364
"May 16, 2024, 9:21:48 PM",Kudos,Activity,11424151444
"May 17, 2024, 8:28:22 PM",Kudos,Activity,11432752322
"May 18, 2024, 10:47:48 AM",Kudos,Activity,11437464541
"May 19, 2024, 2:04:48 PM",Kudos,Activity,11441941950
"May 19, 2024, 2:04:52 PM",Kudos,Activity,11440746995
"May 20, 2024, 8:36:31 PM",Kudos,Activity,11458482105
"May 20, 2024, 8:36:35 PM",Kudos,Activity,11458100133
"May 21, 2024, 4:39:16 PM",Kudos,Activity,11463658709
"May 21, 2024, 7:09:31 PM",Kudos,Activity,11465513852
"May 21, 2024, 10:45:18 PM",Kudos,Activity,11466330609
"May 21, 2024, 10:45:22 PM",Kudos,Activity,11466297542
"May 21, 2024, 11:56:42 PM",Kudos,Activity,11467334098
"May 21, 2024, 11:57:32 PM",Kudos,Post,28405581
"May 22, 2024, 11:00:50 AM",Kudos,Activity,11469553743
"May 22, 2024, 10:13:33 PM",Kudos,Activity,11474579514
"May 23, 2024, 2:35:50 AM",Kudos,Activity,11475035510
"May 24, 2024, 12:15:08 AM",Kudos,Activity,11482591593
"May 24, 2024, 12:15:11 AM",Kudos,Activity,11480485467
"May 24, 2024, 7:59:06 PM",Kudos,Activity,11484851462
"May 24, 2024, 7:59:15 PM",Kudos,Activity,11484750552
"May 24, 2024, 7:59:22 PM",Kudos,Activity,11485852660
"May 25, 2024, 2:04:55 PM",Kudos,Activity,11492616445
"May 25, 2024, 4:31:17 PM",Kudos,Activity,11494436371
"May 25, 2024, 4:43:54 PM",Kudos,Activity,11495446922
"May 26, 2024, 4:06:27 PM",Kudos,Activity,11492491197
"May 26, 2024, 4:18:34 PM",Kudos,Activity,11503403091
"May 26, 2024, 4:19:19 PM",Kudos,Activity,11502186211
"May 27, 2024, 3:00:50 PM",Kudos,Activity,11508423589
"May 28, 2024, 8:43:22 PM",Kudos,Activity,11519502745
"May 28, 2024, 8:43:37 PM",Kudos,Activity,11516917232
"May 28, 2024, 8:43:55 PM",Kudos,Activity,11515858534
"May 28, 2024, 11:53:44 PM",Kudos,Activity,11520678140
"May 30, 2024, 2:04:38 PM",Kudos,Activity,11532799507
"May 30, 2024, 3:52:18 PM",Kudos,Activity,11533215910
"May 30, 2024, 5:29:38 PM",Kudos,Activity,11534150764
"May 30, 2024, 11:26:27 PM",Kudos,Activity,11536420582
"May 30, 2024, 11:39:54 PM",Kudos,Activity,11535809811
"May 31, 2024, 10:19:07 PM",Kudos,Activity,11541001525
"May 31, 2024, 10:19:10 PM",Kudos,Activity,11541251613
"Jun 1, 2024, 10:13:14 PM",Kudos,Activity,11549477598
"Jun 1, 2024, 10:13:18 PM",Kudos,Activity,11547566790
"Jun 3, 2024, 11:41:54 AM",Kudos,Activity,11562213769
"Jun 4, 2024, 9:24:42 PM",Kudos,Activity,11571753408
"Jun 5, 2024, 1:22:35 AM",Kudos,Activity,11556081596
"Jun 5, 2024, 1:22:39 AM",Kudos,Activity,11556233125
"Jun 5, 2024, 1:22:46 AM",Kudos,Activity,11575604264
"Jun 5, 2024, 1:22:48 AM",Kudos,Activity,11575485591
"Jun 5, 2024, 11:04:59 PM",Kudos,Activity,11575499269
"Jun 6, 2024, 8:15:01 PM",Kudos,Activity,11588862490
"Jun 7, 2024, 12:14:52 AM",Kudos,Activity,11591730572
"Jun 7, 2024, 12:14:56 AM",Kudos,Activity,11592013655
"Jun 7, 2024, 12:16:39 AM",Kudos,Activity,11592095871
"Jun 7, 2024, 2:02:10 AM",Kudos,Activity,11592325762
"Jun 7, 2024, 2:28:23 AM",Kudos,Activity,11592304732
"Jun 7, 2024, 10:07:53 PM",Kudos,Activity,11597485847
"Jun 9, 2024, 1:57:14 PM",Kudos,Activity,11611914141
"Jun 9, 2024, 1:57:20 PM",Kudos,Activity,11611302059
"Jun 9, 2024, 1:57:23 PM",Kudos,Activity,11611348434
"Jun 10, 2024, 10:41:33 PM",Kudos,Activity,11622501892
"Jun 10, 2024, 10:41:39 PM",Kudos,Activity,11622279157
"Jun 10, 2024, 10:41:44 PM",Kudos,Activity,11621874453
"Jun 11, 2024, 12:29:01 PM",Kudos,Activity,11625397972
"Jun 11, 2024, 6:24:12 PM",Kudos,Activity,11627274379
"Jun 11, 2024, 6:24:14 PM",Kudos,Activity,11628605380
"Jun 11, 2024, 11:29:52 PM",Kudos,Activity,11630223813
"Jun 11, 2024, 11:29:56 PM",Kudos,Activity,11630790697
"Jun 13, 2024, 12:04:50 PM",Kudos,Activity,11641679158
"Jun 13, 2024, 12:04:51 PM",Kudos,Activity,11641892516
"Jun 13, 2024, 12:04:57 PM",Kudos,Activity,11638863104
"Jun 13, 2024, 6:52:37 PM",Kudos,Activity,11644256442
"Jun 13, 2024, 6:52:39 PM",Kudos,Activity,11643722683
"Jun 14, 2024, 9:57:20 AM",Kudos,Activity,11646976000
"Jun 15, 2024, 10:50:35 AM",Kudos,Activity,11653054696
"Jun 15, 2024, 9:51:10 PM",Kudos,Activity,11656985532
"Jun 15, 2024, 9:51:16 PM",Kudos,Activity,11656791710
"Jun 16, 2024, 12:51:13 AM",Kudos,Activity,11656702998
"Jun 16, 2024, 12:06:31 PM",Kudos,Activity,11665158990
"Jun 16, 2024, 12:06:38 PM",Kudos,Activity,11664863146
"Jun 17, 2024, 12:00:36 AM",Kudos,Activity,11669573419
"Jun 18, 2024, 12:03:48 PM",Kudos,Activity,11680116442
"Jun 21, 2024, 12:10:03 PM",Kudos,Activity,11701189299
"Jun 21, 2024, 12:10:05 PM",Kudos,Activity,11698437103
"Jun 21, 2024, 12:10:07 PM",Kudos,Activity,11697833734
"Jun 21, 2024, 12:10:09 PM",Kudos,Activity,11700960764
"Jun 21, 2024, 4:28:32 PM",Kudos,Activity,11705805017
"Jun 21, 2024, 4:28:36 PM",Kudos,Activity,11704233254
"Jun 23, 2024, 1:37:12 PM",Kudos,Activity,11720172557
"Jun 23, 2024, 3:53:56 PM",Kudos,Activity,11719267298
"Jun 23, 2024, 4:53:38 PM",Kudos,Activity,11721675782
"Jun 23, 2024, 4:53:43 PM",Kudos,Activity,11720285584
"Jun 23, 2024, 6:40:15 PM",Kudos,Activity,11722745420
"Jun 23, 2024, 10:00:42 PM",Kudos,Activity,11723393490
"Jun 23, 2024, 11:57:53 PM",Kudos,Activity,11723986085
"Jun 24, 2024, 11:37:34 AM",Kudos,Activity,11726370629
"Jun 24, 2024, 11:37:42 AM",Kudos,Activity,11726418512
"Jun 25, 2024, 12:56:03 PM",Kudos,Activity,11735226028
"Jun 25, 2024, 12:56:05 PM",Kudos,Activity,11735224827
"Jun 27, 2024, 2:17:02 AM",Kudos,Activity,11748163792
"Jun 27, 2024, 10:02:19 PM",Kudos,Activity,11755333295
"Jun 28, 2024, 12:13:33 AM",Kudos,Activity,11755771209
"Jun 28, 2024, 12:13:36 AM",Kudos,Activity,11755918857
"Jun 28, 2024, 12:13:40 AM",Kudos,Activity,11755961047
"Jun 29, 2024, 3:27:29 AM",Kudos,Activity,11760722538
"Jun 29, 2024, 3:27:36 AM",Kudos,Activity,11760737887
"Jun 29, 2024, 3:27:38 AM",Kudos,Activity,11762743903
"Jun 30, 2024, 2:30:59 PM",Kudos,Activity,11774922202
"Jun 30, 2024, 2:41:04 PM",Kudos,Activity,11775509761
"Jun 30, 2024, 7:24:26 PM",Kudos,Activity,11777725688
"Jun 30, 2024, 10:53:12 PM",Kudos,Activity,11778141281
"Jun 30, 2024, 11:11:56 PM",Kudos,Activity,11775797007
"Jul 1, 2024, 11:52:04 AM",Kudos,Activity,11780715518
"Jul 1, 2024, 6:31:26 PM",Kudos,Activity,11783481694
"Jul 1, 2024, 6:32:12 PM",Kudos,Activity,11782296737
"Jul 1, 2024, 6:32:17 PM",Kudos,Activity,11780902546
"Jul 1, 2024, 9:34:20 PM",Kudos,Activity,11785150034
"Jul 2, 2024, 2:14:01 AM",Kudos,Activity,11786024322
"Jul 2, 2024, 3:50:11 PM",Kudos,Activity,11789087119
"Jul 2, 2024, 3:50:12 PM",Kudos,Activity,11789338988
"Jul 2, 2024, 3:50:51 PM",Kudos,Activity,11788758251
"Jul 3, 2024, 2:27:48 PM",Kudos,Activity,11798260517
"Jul 3, 2024, 2:28:12 PM",Kudos,Activity,11796983677
"Jul 3, 2024, 6:57:40 PM",Kudos,Activity,11799759040
"Jul 3, 2024, 8:38:23 PM",Kudos,Activity,11799690031
"Jul 3, 2024, 8:38:25 PM",Kudos,Activity,11800786022
"Jul 3, 2024, 10:09:54 PM",Kudos,Activity,11801042081
"Jul 4, 2024, 1:27:48 AM",Kudos,Activity,11802805725
"Jul 4, 2024, 1:27:50 AM",Kudos,Activity,11802469033
"Jul 4, 2024, 1:27:56 AM",Kudos,Activity,11802612711
"Jul 4, 2024, 1:27:59 AM",Kudos,Activity,11802174968
"Jul 4, 2024, 7:19:30 PM",Kudos,Activity,11808298991
"Jul 4, 2024, 7:19:32 PM",Kudos,Activity,11808015423
"Jul 4, 2024, 10:41:35 PM",Kudos,Activity,11810407054
"Jul 4, 2024, 11:39:00 PM",Kudos,Activity,11810805448
"Jul 5, 2024, 11:43:06 AM",Kudos,Activity,11813015773
"Jul 5, 2024, 1:04:13 PM",Kudos,Activity,11814114432
"Jul 5, 2024, 10:46:53 PM",Kudos,Activity,11817373216
"Jul 5, 2024, 10:46:54 PM",Kudos,Activity,11815518735
"Jul 5, 2024, 10:46:56 PM",Kudos,Activity,11815591309
"Jul 6, 2024, 10:03:06 AM",Kudos,Activity,11818860831
"Jul 6, 2024, 1:48:11 PM",Kudos,Activity,11821940125
"Jul 6, 2024, 3:34:17 PM",Kudos,Activity,11822886750
"Jul 6, 2024, 7:45:29 PM",Kudos,Activity,11824532654
"Jul 7, 2024, 1:18:18 AM",Kudos,Activity,11825416427
"Jul 7, 2024, 1:18:30 AM",Kudos,Activity,11824798189
"Jul 7, 2024, 10:48:04 AM",Kudos,Activity,11824940146
"Jul 7, 2024, 12:15:14 PM",Kudos,Activity,11828718643
"Jul 8, 2024, 10:16:49 AM",Kudos,Activity,11836077620
"Jul 8, 2024, 3:25:39 PM",Kudos,Activity,11837980332
"Jul 8, 2024, 6:00:30 PM",Kudos,Activity,11839631006
"Jul 8, 2024, 6:00:32 PM",Kudos,Activity,11838903933
"Jul 8, 2024, 6:00:33 PM",Kudos,Activity,11838567033
"Jul 8, 2024, 6:00:39 PM",Kudos,Activity,11838898511
"Jul 8, 2024, 6:00:44 PM",Kudos,Activity,11838319389
"Jul 9, 2024, 12:38:50 AM",Kudos,Activity,11841679279
"Jul 9, 2024, 11:37:57 AM",Kudos,Activity,11845037883
"Jul 9, 2024, 9:46:38 PM",Kudos,Activity,11849185509
"Jul 9, 2024, 11:08:16 PM",Kudos,Activity,11849805556
"Jul 9, 2024, 11:08:18 PM",Kudos,Activity,11849891254
"Jul 9, 2024, 11:08:20 PM",Kudos,Activity,11849596730
"Jul 10, 2024, 12:27:02 AM",Kudos,Activity,11850011140
"Jul 10, 2024, 2:41:54 PM",Kudos,Activity,11853377383
"Jul 10, 2024, 10:59:20 PM",Kudos,Activity,11857862330
"Jul 10, 2024, 11:25:14 PM",Kudos,Activity,11858128886
"Jul 11, 2024, 12:32:08 AM",Kudos,Activity,11858230461
"Jul 11, 2024, 12:32:12 AM",Kudos,Activity,11855411270
"Jul 11, 2024, 12:32:15 AM",Kudos,Activity,11855582446
"Jul 11, 2024, 11:51:55 AM",Kudos,Activity,11861479155
"Jul 11, 2024, 11:51:57 AM",Kudos,Activity,11861479038
"Jul 11, 2024, 11:52:00 AM",Kudos,Activity,11861066373
"Jul 11, 2024, 11:52:08 AM",Kudos,Activity,11861187486
"Jul 11, 2024, 11:52:12 AM",Kudos,Activity,11860778407
"Jul 11, 2024, 12:24:11 PM",Kudos,Activity,11861744883
"Jul 11, 2024, 10:15:49 PM",Kudos,Activity,11865797884
"Jul 12, 2024, 2:14:10 AM",Kudos,Activity,11866206741
"Jul 12, 2024, 2:14:13 AM",Kudos,Activity,11866206948
"Jul 12, 2024, 2:14:20 AM",Kudos,Activity,11866206315
"Jul 12, 2024, 12:19:14 PM",Kudos,Activity,11869504835
"Jul 12, 2024, 12:19:19 PM",Kudos,Activity,11869502973
"Jul 13, 2024, 12:43:28 AM",Kudos,Activity,11873674609
"Jul 13, 2024, 10:27:25 PM",Kudos,Activity,11880996514
"Jul 13, 2024, 11:27:05 PM",Kudos,Activity,11881522872
"Jul 13, 2024, 11:27:12 PM",Kudos,Activity,11879164803
"Jul 13, 2024, 11:27:13 PM",Kudos,Activity,11879163863
"Jul 13, 2024, 11:27:14 PM",Kudos,Activity,11879163861
"Jul 14, 2024, 10:59:23 AM",Kudos,Activity,11884429741
"Jul 14, 2024, 4:04:29 PM",Kudos,Activity,11887488158
"Jul 14, 2024, 7:55:32 PM",Kudos,Activity,11889225409
"Jul 14, 2024, 7:55:40 PM",Kudos,Activity,11889214933
"Jul 14, 2024, 7:55:45 PM",Kudos,Activity,11889225197
"Jul 14, 2024, 7:55:48 PM",Kudos,Activity,11888455863
"Jul 14, 2024, 7:55:52 PM",Kudos,Activity,11886571449
"Jul 15, 2024, 12:29:19 AM",Kudos,Activity,11889929650
"Jul 15, 2024, 2:01:15 PM",Kudos,Activity,11893518110
"Jul 15, 2024, 4:05:59 PM",Kudos,Activity,11894601612
"Jul 15, 2024, 7:31:04 PM",Kudos,Activity,11896234047
"Jul 15, 2024, 7:31:10 PM",Kudos,Activity,11894938086
"Jul 15, 2024, 7:31:18 PM",Kudos,Activity,11893997536
"Jul 15, 2024, 7:31:20 PM",Kudos,Activity,11894464263
"Jul 15, 2024, 11:04:35 PM",Kudos,Activity,11897419915
"Jul 15, 2024, 11:04:37 PM",Kudos,Activity,11897454320
"Jul 15, 2024, 11:04:40 PM",Kudos,Activity,11897463597
"Jul 16, 2024, 9:20:25 AM",Kudos,Activity,11899971326
"Jul 16, 2024, 11:20:13 AM",Kudos,Activity,11900755593
"Jul 16, 2024, 8:56:59 PM",Kudos,Activity,11905418735
"Jul 16, 2024, 9:52:56 PM",Kudos,Activity,11905637883
"Jul 16, 2024, 11:35:53 PM",Kudos,Activity,11906064903
"Jul 17, 2024, 9:45:47 AM",Kudos,Activity,11908819872
"Jul 17, 2024, 10:31:19 AM",Kudos,Activity,11909061218
"Jul 17, 2024, 11:39:19 AM",Kudos,Activity,11909216221
"Jul 17, 2024, 2:31:14 PM",Kudos,Activity,11910635765
"Jul 17, 2024, 4:56:15 PM",Kudos,Activity,11911917864
"Jul 17, 2024, 4:56:17 PM",Kudos,Activity,11912089312
"Jul 17, 2024, 9:04:46 PM",Kudos,Activity,11914067081
"Jul 17, 2024, 10:52:28 PM",Kudos,Activity,11914675052
"Jul 17, 2024, 10:52:30 PM",Kudos,Activity,11914626655
"Jul 18, 2024, 12:08:14 AM",Kudos,Activity,11915012579
"Jul 18, 2024, 12:08:19 AM",Kudos,Activity,11914965880
"Jul 18, 2024, 10:15:32 AM",Kudos,Activity,11917639581
"Jul 18, 2024, 11:50:40 AM",Kudos,Activity,11918302356
"Jul 18, 2024, 11:50:43 AM",Kudos,Activity,11917921899
"Jul 19, 2024, 8:18:34 AM",Kudos,Activity,11923383365
"Jul 19, 2024, 8:18:37 AM",Kudos,Activity,11922506371
"Jul 19, 2024, 5:40:15 PM",Kudos,Activity,11927948272
"Jul 19, 2024, 5:40:21 PM",Kudos,Activity,11928059193
"Jul 19, 2024, 9:46:00 PM",Kudos,Activity,11930246807
"Jul 19, 2024, 10:54:47 PM",Kudos,Activity,11930736802
"Jul 20, 2024, 1:35:21 PM",Kudos,Activity,11934803080
"Jul 20, 2024, 3:28:19 PM",Kudos,Activity,11936248916
"Jul 20, 2024, 6:57:04 PM",Kudos,Activity,11937435422
"Jul 20, 2024, 10:58:37 PM",Kudos,Activity,11939115504
"Jul 20, 2024, 11:53:18 PM",Kudos,Activity,11939364123
"Jul 21, 2024, 2:21:13 PM",Kudos,Activity,11944225200
"Jul 21, 2024, 4:36:38 PM",Kudos,Activity,11945626291
"Jul 21, 2024, 4:36:49 PM",Kudos,Activity,11944858051
"Jul 21, 2024, 4:36:52 PM",Kudos,Activity,11944857602
"Jul 21, 2024, 5:45:22 PM",Kudos,Activity,11946188329
"Jul 22, 2024, 12:03:25 AM",Kudos,Activity,11947949250
"Jul 22, 2024, 12:09:53 AM",Kudos,Activity,11947133658
"Jul 22, 2024, 1:21:16 AM",Kudos,Activity,11947574871
"Jul 22, 2024, 9:05:57 AM",Kudos,Activity,11949856026
"Jul 22, 2024, 8:14:04 PM",Kudos,Activity,11950478456
"Jul 22, 2024, 8:14:07 PM",Kudos,Activity,11952128277
"Jul 22, 2024, 8:14:10 PM",Kudos,Activity,11951113416
"Jul 22, 2024, 8:14:13 PM",Kudos,Activity,11952711788
"Jul 22, 2024, 8:14:14 PM",Kudos,Activity,11951127357
"Jul 22, 2024, 8:14:16 PM",Kudos,Activity,11951113054
"Jul 22, 2024, 8:14:17 PM",Kudos,Activity,11952805681
"Jul 22, 2024, 8:14:21 PM",Kudos,Activity,11952105154
"Jul 22, 2024, 9:06:17 PM",Kudos,Activity,11955086394
"Jul 23, 2024, 11:06:41 PM",Kudos,Activity,11964183892
"Jul 23, 2024, 11:06:47 PM",Kudos,Activity,11964183919
"Jul 23, 2024, 11:06:50 PM",Kudos,Activity,11960863353
"Jul 23, 2024, 11:06:51 PM",Kudos,Activity,11963992424
"Jul 23, 2024, 11:06:53 PM",Kudos,Activity,11964317101
"Jul 23, 2024, 11:07:34 PM",Kudos,Activity,11961649536
"Jul 23, 2024, 11:07:35 PM",Kudos,Activity,11964327472
"Jul 24, 2024, 12:07:55 AM",Kudos,Activity,11964764463
"Jul 24, 2024, 12:51:52 PM",Kudos,Activity,11968384494
"Jul 24, 2024, 8:55:30 PM",Kudos,Activity,11972545357
"Jul 24, 2024, 10:24:53 PM",Kudos,Activity,11972753944
"Jul 24, 2024, 11:29:42 PM",Kudos,Activity,11973424538
"Jul 25, 2024, 2:37:01 AM",Kudos,Activity,11973818791
"Jul 25, 2024, 8:36:52 PM",Kudos,Activity,11980864350
"Jul 25, 2024, 8:36:53 PM",Kudos,Activity,11979104330
"Jul 25, 2024, 8:36:55 PM",Kudos,Activity,11978386032
"Jul 25, 2024, 8:36:57 PM",Kudos,Activity,11978385782
"Jul 25, 2024, 10:22:22 PM",Kudos,Activity,11981160038
"Jul 26, 2024, 12:19:46 AM",Kudos,Activity,11981654470
"Jul 26, 2024, 12:19:52 AM",Kudos,Activity,11981027963
"Jul 26, 2024, 12:19:55 AM",Kudos,Activity,11980958313
"Jul 26, 2024, 9:53:55 AM",Kudos,Activity,11935033902
"Jul 26, 2024, 1:42:36 PM",Kudos,Activity,11985526916
"Jul 26, 2024, 4:23:33 PM",Kudos,Activity,11986907612
"Jul 27, 2024, 2:16:55 AM",Kudos,Activity,11989717851
"Jul 27, 2024, 2:18:06 AM",Kudos,Activity,11989269020
"Jul 27, 2024, 2:18:14 AM",Kudos,Activity,11988800953
"Jul 27, 2024, 10:56:28 PM",Kudos,Activity,11997275285
"Jul 27, 2024, 10:56:37 PM",Kudos,Activity,11997274328
"Jul 28, 2024, 1:36:41 PM",Kudos,Activity,12002017757
"Jul 28, 2024, 4:07:03 PM",Kudos,Activity,12002721630
"Jul 28, 2024, 4:07:06 PM",Kudos,Activity,12002726658
"Jul 29, 2024, 1:55:22 PM",Kudos,Activity,12009047160
"Jul 29, 2024, 10:14:06 PM",Kudos,Activity,12013749460
"Jul 29, 2024, 10:14:12 PM",Kudos,Activity,12011132318
"Jul 29, 2024, 11:54:45 PM",Kudos,Activity,12013981785
"Jul 30, 2024, 12:56:19 PM",Kudos,Activity,12017352902
"Jul 30, 2024, 8:30:06 PM",Kudos,Activity,12019113110
"Jul 30, 2024, 8:30:11 PM",Kudos,Activity,12019882262
"Jul 30, 2024, 8:30:20 PM",Kudos,Activity,12019420482
"Jul 31, 2024, 12:45:43 AM",Kudos,Activity,12022674970
"Jul 31, 2024, 12:45:45 AM",Kudos,Activity,12022639933
"Jul 31, 2024, 12:45:47 AM",Kudos,Activity,12022461179
"Jul 31, 2024, 12:45:51 AM",Kudos,Activity,12023049173
"Jul 31, 2024, 1:07:26 AM",Kudos,Activity,12023406815
"Jul 31, 2024, 1:07:28 AM",Kudos,Activity,12023160045
"Jul 31, 2024, 10:57:17 AM",Kudos,Activity,12025953684
"Jul 31, 2024, 11:06:49 PM",Kudos,Activity,12031067950
"Jul 31, 2024, 11:06:54 PM",Kudos,Activity,12028464531
"Jul 31, 2024, 11:06:58 PM",Kudos,Activity,12026330686
"Jul 31, 2024, 11:06:59 PM",Kudos,Activity,12026391132
"Jul 31, 2024, 11:07:02 PM",Kudos,Activity,12031022650
"Jul 31, 2024, 11:07:05 PM",Kudos,Activity,12028776514
"Jul 31, 2024, 11:07:14 PM",Kudos,Activity,12028315476
"Jul 31, 2024, 11:07:19 PM",Kudos,Activity,12030061559
"Jul 31, 2024, 11:49:28 PM",Kudos,Activity,12031544921
"Aug 2, 2024, 1:00:52 AM",Kudos,Activity,12039419868
"Aug 2, 2024, 1:59:12 AM",Kudos,Activity,12040319328
"Aug 2, 2024, 4:25:57 PM",Kudos,Activity,12044843989
"Aug 3, 2024, 11:21:11 AM",Kudos,Activity,12050703623
"Aug 4, 2024, 6:31:55 PM",Kudos,Activity,12053947567
"Aug 5, 2024, 2:26:11 AM",Kudos,Activity,12055702264
"Aug 5, 2024, 2:26:17 AM",Kudos,Activity,12054033195
"Aug 5, 2024, 2:26:19 AM",Kudos,Activity,12061949287
"Aug 5, 2024, 1:51:44 PM",Kudos,Activity,12068225956
"Aug 5, 2024, 5:35:57 PM",Kudos,Activity,12069701246
"Aug 5, 2024, 5:35:59 PM",Kudos,Activity,12069155282
"Aug 5, 2024, 9:16:24 PM",Kudos,Activity,12070328141
"Aug 5, 2024, 11:07:00 PM",Kudos,Activity,12072406689
"Aug 5, 2024, 11:37:04 PM",Kudos,Activity,12072522479
"Aug 6, 2024, 2:29:25 AM",Kudos,Activity,12072737180
"Aug 6, 2024, 2:29:39 AM",Kudos,Activity,12073398279
"Aug 6, 2024, 2:29:45 AM",Kudos,Activity,12072570110
"Aug 6, 2024, 12:06:53 PM",Kudos,Activity,12076468470
"Aug 7, 2024, 1:00:37 AM",Kudos,Activity,12082239084
"Aug 7, 2024, 1:00:42 AM",Kudos,Activity,12082239040
"Aug 7, 2024, 10:19:32 PM",Kudos,Activity,12090250632
"Aug 7, 2024, 10:19:44 PM",Kudos,Activity,12085254163
"Aug 7, 2024, 10:19:54 PM",Kudos,Activity,12085050432
"Aug 7, 2024, 10:20:01 PM",Kudos,Activity,12084873766
"Aug 8, 2024, 12:11:04 PM",Kudos,Activity,12090950229
"Aug 8, 2024, 12:11:07 PM",Kudos,Activity,12093652685
"Aug 8, 2024, 12:11:10 PM",Kudos,Activity,12091782114
"Aug 8, 2024, 12:11:12 PM",Kudos,Activity,12093967961
"Aug 8, 2024, 9:11:54 PM",Kudos,Activity,12097255985
"Aug 9, 2024, 6:08:59 PM",Kudos,Activity,12102415471
"Aug 9, 2024, 7:54:02 PM",Kudos,Activity,12104512709
"Aug 9, 2024, 7:54:02 PM",Kudos,Activity,12105032824
"Aug 9, 2024, 7:54:10 PM",Kudos,Activity,12101751503
"Aug 10, 2024, 2:15:36 PM",Kudos,Activity,12111616818
"Aug 10, 2024, 3:51:14 PM",Kudos,Activity,12111562837
"Aug 10, 2024, 3:51:16 PM",Kudos,Activity,12111559216
"Aug 10, 2024, 9:20:27 PM",Kudos,Activity,12114434027
"Aug 10, 2024, 10:16:15 PM",Kudos,Activity,12114871812
"Aug 11, 2024, 12:39:07 AM",Kudos,Activity,12114917355
"Aug 11, 2024, 12:48:55 PM",Kudos,Activity,12119021089
"Aug 11, 2024, 2:32:37 PM",Kudos,Activity,12119993594
"Aug 11, 2024, 5:32:12 PM",Kudos,Activity,12120725879
"Aug 11, 2024, 5:32:15 PM",Kudos,Activity,12121501543
"Aug 11, 2024, 10:09:12 PM",Kudos,Activity,12123789836
"Aug 12, 2024, 11:48:03 AM",Kudos,Activity,12126608469
"Aug 12, 2024, 11:57:18 AM",Kudos,Activity,12127251364
"Aug 12, 2024, 4:07:53 PM",Kudos,Activity,12128495242
"Aug 12, 2024, 8:17:47 PM",Kudos,Activity,12129229006
"Aug 12, 2024, 9:07:19 PM",Kudos,Activity,12131121532
"Aug 12, 2024, 10:01:35 PM",Kudos,Activity,12131431874
"Aug 12, 2024, 10:01:39 PM",Kudos,Activity,12131499625
"Aug 12, 2024, 11:43:48 PM",Kudos,Activity,12131637926
"Aug 13, 2024, 5:29:21 AM",Kudos,Activity,12132658592
"Aug 13, 2024, 10:27:54 AM",Kudos,Activity,12135104507
"Aug 13, 2024, 7:51:42 PM",Kudos,Activity,12139675667
"Aug 13, 2024, 7:51:45 PM",Kudos,Activity,12138025691
"Aug 13, 2024, 7:51:47 PM",Kudos,Activity,12136558513
"Aug 13, 2024, 7:51:51 PM",Kudos,Activity,12135203932
"Aug 14, 2024, 10:39:17 AM",Kudos,Activity,12144049503
"Aug 14, 2024, 12:00:43 PM",Kudos,Activity,12144844936
"Aug 14, 2024, 2:05:35 PM",Kudos,Activity,12144273863
"Aug 14, 2024, 5:32:44 PM",Kudos,Activity,12147065243
"Aug 14, 2024, 9:11:52 PM",Kudos,Activity,12147888746
"Aug 15, 2024, 1:35:21 AM",Kudos,Activity,12149811037
"Aug 15, 2024, 10:19:03 AM",Kudos,Activity,12152322671
"Aug 15, 2024, 11:51:17 AM",Kudos,Activity,12152614315
"Aug 15, 2024, 11:51:21 AM",Kudos,Activity,12152769838
"Aug 15, 2024, 11:51:25 AM",Kudos,Activity,12152722734
"Aug 15, 2024, 1:59:52 PM",Kudos,Activity,12154180375
"Aug 15, 2024, 6:56:59 PM",Kudos,Activity,12155687012
"Aug 15, 2024, 7:38:40 PM",Kudos,Activity,12156715070
"Aug 16, 2024, 11:22:57 AM",Kudos,Activity,12160948064
"Aug 17, 2024, 2:36:15 PM",Kudos,Activity,12170428018
"Aug 17, 2024, 5:06:51 PM",Kudos,Activity,12171820508
"Aug 18, 2024, 1:50:17 PM",Kudos,Activity,12179468616
"Aug 18, 2024, 6:11:06 PM",Kudos,Activity,12180645710
"Aug 18, 2024, 8:56:39 PM",Kudos,Activity,12182758848
"Aug 18, 2024, 8:56:44 PM",Kudos,Activity,12179595759
"Aug 19, 2024, 12:42:55 PM",Kudos,Activity,12186407591
"Aug 19, 2024, 8:03:37 PM",Kudos,Activity,12188713199
"Aug 19, 2024, 8:03:38 PM",Kudos,Activity,12188256856
"Aug 19, 2024, 8:53:39 PM",Kudos,Activity,12190501338
"Aug 19, 2024, 8:55:09 PM",Kudos,Activity,12178382775
"Aug 19, 2024, 10:36:58 PM",Kudos,Activity,12190771621
"Aug 20, 2024, 4:32:23 PM",Kudos,Activity,12196254972
"Aug 20, 2024, 6:35:30 PM",Kudos,Activity,12197312649
"Aug 21, 2024, 10:08:42 AM",Kudos,Activity,12203252739
"Aug 21, 2024, 10:50:29 AM",Kudos,Activity,12203337826
"Aug 21, 2024, 10:50:49 AM",Kudos,Activity,12203591536
"Aug 21, 2024, 11:33:43 AM",Kudos,Activity,12203887385
"Aug 21, 2024, 11:33:46 AM",Kudos,Activity,12203769863
"Aug 21, 2024, 4:18:32 PM",Kudos,Activity,12206051707
"Aug 21, 2024, 4:18:33 PM",Kudos,Activity,12206123115
"Aug 21, 2024, 4:18:39 PM",Kudos,Activity,12206050903
"Aug 21, 2024, 5:59:05 PM",Kudos,Activity,12206613102
"Aug 21, 2024, 11:56:01 PM",Kudos,Activity,12209092774
"Aug 22, 2024, 1:28:41 AM",Kudos,Activity,12209832500
"Aug 22, 2024, 8:48:10 PM",Kudos,Activity,12216824292
"Aug 23, 2024, 12:31:33 AM",Kudos,Activity,12217648596
"Aug 23, 2024, 11:23:15 PM",Kudos,Activity,12225116237
"Aug 23, 2024, 11:23:21 PM",Kudos,Activity,12221016053
"Aug 23, 2024, 11:23:23 PM",Kudos,Activity,12223012698
"Aug 23, 2024, 11:23:28 PM",Kudos,Activity,12222900887
"Aug 23, 2024, 11:23:32 PM",Kudos,Activity,12223147901
"Aug 24, 2024, 2:04:12 PM",Kudos,Activity,12230319386
"Aug 24, 2024, 9:13:37 PM",Kudos,Activity,12233156703
"Aug 24, 2024, 9:13:38 PM",Kudos,Activity,12233151802
"Aug 24, 2024, 9:13:40 PM",Kudos,Activity,12233319472
"Aug 24, 2024, 9:13:43 PM",Kudos,Activity,12233102760
"Aug 24, 2024, 9:13:45 PM",Kudos,Activity,12232904821
"Aug 25, 2024, 10:30:27 AM",Kudos,Activity,12234364546
"Aug 25, 2024, 2:10:18 PM",Kudos,Activity,12239091620
"Aug 25, 2024, 2:49:42 PM",Kudos,Activity,12239345669
"Aug 25, 2024, 2:50:11 PM",Kudos,Activity,12238139089
"Aug 25, 2024, 4:34:53 PM",Kudos,Activity,12239648369
"Aug 25, 2024, 9:21:49 PM",Kudos,Activity,12238115056
"Aug 25, 2024, 9:39:54 PM",Kudos,Activity,12237975749
"Aug 26, 2024, 11:42:59 AM",Kudos,Activity,12245707223
"Aug 26, 2024, 8:36:09 PM",Kudos,Activity,12248064685
"Aug 26, 2024, 8:36:10 PM",Kudos,Activity,12247880007
"Aug 26, 2024, 10:21:09 PM",Kudos,Activity,12250418622
"Aug 27, 2024, 7:48:37 PM",Kudos,Activity,12256565101
"Aug 27, 2024, 7:48:57 PM",Kudos,Activity,12253679306
"Aug 27, 2024, 7:49:02 PM",Kudos,Activity,12253513488
"Aug 27, 2024, 7:49:09 PM",Kudos,Activity,12250827752
"Aug 27, 2024, 7:49:12 PM",Kudos,Activity,12251038890
"Aug 27, 2024, 7:49:14 PM",Kudos,Activity,12254048015
"Aug 27, 2024, 7:49:16 PM",Kudos,Activity,12254195251
"Aug 27, 2024, 7:49:18 PM",Kudos,Activity,12253575331
"Aug 27, 2024, 7:49:21 PM",Kudos,Activity,12250712944
"Aug 28, 2024, 11:37:00 AM",Kudos,Activity,12263234322
"Aug 28, 2024, 12:48:42 PM",Kudos,Activity,12263744204
"Aug 28, 2024, 12:48:47 PM",Kudos,Activity,12262696884
"Aug 28, 2024, 12:48:49 PM",Kudos,Activity,12262907046
"Aug 28, 2024, 12:48:52 PM",Kudos,Activity,12262766334
"Aug 28, 2024, 12:48:58 PM",Kudos,Activity,12262966414
"Aug 28, 2024, 12:49:01 PM",Kudos,Activity,12262741375
"Aug 28, 2024, 12:49:04 PM",Kudos,Activity,12262972828
"Aug 28, 2024, 6:33:50 PM",Kudos,Activity,12265356275
"Aug 28, 2024, 6:33:51 PM",Kudos,Activity,12265600252
"Aug 28, 2024, 6:33:54 PM",Kudos,Activity,12264881188
"Aug 28, 2024, 10:49:17 PM",Kudos,Activity,12268295808
"Aug 29, 2024, 2:09:42 PM",Kudos,Activity,12272568953
"Aug 29, 2024, 2:10:00 PM",Kudos,Activity,12271739378
"Aug 29, 2024, 2:10:04 PM",Kudos,Activity,12271578091
"Aug 29, 2024, 2:10:07 PM",Kudos,Activity,12271377096
"Aug 30, 2024, 1:14:46 AM",Kudos,Activity,12274228420
"Aug 30, 2024, 1:14:47 AM",Kudos,Activity,12274120137
"Aug 30, 2024, 7:50:33 PM",Kudos,Activity,12282463017
"Aug 31, 2024, 12:21:36 PM",Kudos,Activity,12288509782
"Aug 31, 2024, 12:22:04 PM",Kudos,Activity,12288491898
"Aug 31, 2024, 12:22:07 PM",Kudos,Activity,12288255983
"Aug 31, 2024, 12:22:12 PM",Kudos,Activity,12288352148
"Aug 31, 2024, 12:50:29 PM",Kudos,Activity,12288856722
"Aug 31, 2024, 1:22:59 PM",Kudos,Activity,12289162658
"Aug 31, 2024, 1:28:36 PM",Kudos,Activity,12289039181
"Aug 31, 2024, 8:30:02 PM",Kudos,Activity,12292009387
"Aug 31, 2024, 8:30:25 PM",Kudos,Activity,12290399602
"Sep 1, 2024, 11:53:06 AM",Kudos,Activity,12294240240
"Sep 1, 2024, 1:34:43 PM",Kudos,Activity,12297567864
"Sep 2, 2024, 12:27:02 AM",Kudos,Activity,12299901507
"Sep 2, 2024, 11:33:31 AM",Kudos,Activity,12304986309
"Sep 2, 2024, 11:33:34 AM",Kudos,Activity,12304719625
"Sep 2, 2024, 11:33:38 AM",Kudos,Activity,12304905874
"Sep 2, 2024, 3:51:02 PM",Kudos,Activity,12306669745
"Sep 2, 2024, 3:51:16 PM",Kudos,Activity,12305163663
"Sep 2, 2024, 4:30:57 PM",Kudos,Activity,12307113077
"Sep 2, 2024, 9:26:28 PM",Kudos,Activity,12307426427
"Sep 2, 2024, 10:53:41 PM",Kudos,Activity,12310347463
"Sep 3, 2024, 10:01:30 AM",Kudos,Activity,12311245921
"Sep 3, 2024, 10:01:34 AM",Kudos,Activity,12310505005
"Sep 3, 2024, 11:41:05 AM",Kudos,Activity,12313341177
"Sep 3, 2024, 11:41:29 AM",Kudos,Activity,12313551780
"Sep 3, 2024, 8:23:31 PM",Kudos,Activity,12318159270
"Sep 3, 2024, 8:23:45 PM",Kudos,Activity,12316126828
"Sep 3, 2024, 11:53:42 PM",Kudos,Activity,12319641918
"Sep 3, 2024, 11:53:45 PM",Kudos,Activity,12319560606
"Sep 4, 2024, 1:05:26 AM",Kudos,Activity,12320180589
"Sep 4, 2024, 1:05:29 AM",Kudos,Activity,12320199313
"Sep 4, 2024, 1:05:35 AM",Kudos,Activity,12320199156
"Sep 4, 2024, 1:05:36 AM",Kudos,Activity,12320190009
"Sep 4, 2024, 5:02:44 PM",Kudos,Activity,12324404390
"Sep 4, 2024, 5:02:50 PM",Kudos,Activity,12325175470
"Sep 4, 2024, 5:02:53 PM",Kudos,Activity,12325176099
"Sep 4, 2024, 8:53:32 PM",Kudos,Activity,12325147089
"Sep 4, 2024, 8:53:34 PM",Kudos,Activity,12325451738
"Sep 4, 2024, 8:53:47 PM",Kudos,Activity,12322526642
"Sep 4, 2024, 8:53:53 PM",Kudos,Activity,12322547920
"Sep 4, 2024, 8:53:57 PM",Kudos,Activity,12322797753
"Sep 4, 2024, 8:54:00 PM",Kudos,Activity,12322598374
"Sep 4, 2024, 8:54:04 PM",Kudos,Activity,12322930125
"Sep 4, 2024, 8:54:09 PM",Kudos,Activity,12322584499
"Sep 4, 2024, 10:43:07 PM",Kudos,Activity,12328169586
"Sep 4, 2024, 10:43:10 PM",Kudos,Activity,12328137554
"Sep 5, 2024, 10:59:36 AM",Kudos,Activity,12331451779
"Sep 5, 2024, 11:26:30 AM",Kudos,Activity,12331693838
"Sep 5, 2024, 8:15:34 PM",Kudos,Activity,12334017201
"Sep 5, 2024, 8:15:37 PM",Kudos,Activity,12334224715
"Sep 6, 2024, 12:14:51 PM",Kudos,Activity,12340227198
"Sep 6, 2024, 12:14:55 PM",Kudos,Activity,12340227009
"Sep 6, 2024, 5:41:56 PM",Kudos,Activity,12342494914
"Sep 6, 2024, 7:31:35 PM",Kudos,Activity,12342290346
"Sep 7, 2024, 1:24:42 AM",Kudos,Activity,12344622828
"Sep 7, 2024, 1:24:47 AM",Kudos,Activity,12344431027
"Sep 7, 2024, 10:16:13 AM",Kudos,Activity,12345600400
"Sep 8, 2024, 1:22:12 PM",Kudos,Activity,12358260046
"Sep 8, 2024, 1:22:15 PM",Kudos,Activity,12358087430
"Sep 8, 2024, 1:26:26 PM",Kudos,Activity,12358392248
"Sep 8, 2024, 1:58:30 PM",Kudos,Activity,12358711626
"Sep 8, 2024, 1:59:06 PM",Kudos,Activity,12358741559
"Sep 8, 2024, 2:13:00 PM",Kudos,Activity,12358390791
"Sep 8, 2024, 2:13:06 PM",Kudos,Activity,12358390639
"Sep 8, 2024, 2:13:12 PM",Kudos,Activity,12357850260
"Sep 8, 2024, 2:59:56 PM",Kudos,Activity,12358914534
"Sep 9, 2024, 1:20:11 AM",Kudos,Activity,12362986920
"Sep 9, 2024, 11:19:51 AM",Kudos,Activity,12364970441
"Sep 9, 2024, 11:20:10 AM",Kudos,Activity,12364977888
"Sep 9, 2024, 11:20:31 AM",Kudos,Activity,12365156112
"Sep 9, 2024, 6:31:21 PM",Kudos,Activity,12366774392
"Sep 9, 2024, 6:31:24 PM",Kudos,Activity,12367146278
"Sep 9, 2024, 6:31:31 PM",Kudos,Activity,12367593587
"Sep 9, 2024, 9:41:14 PM",Kudos,Activity,12369082710
"Sep 9, 2024, 10:55:22 PM",Kudos,Activity,12369904062
"Sep 10, 2024, 1:14:39 AM",Kudos,Activity,12370504163
"Sep 10, 2024, 2:15:40 AM",Kudos,Activity,12370585193
"Sep 10, 2024, 2:15:58 AM",Kudos,Activity,12353045201
"Sep 10, 2024, 2:16:03 AM",Kudos,Activity,12370936086
"Sep 10, 2024, 11:52:54 AM",Kudos,Activity,12373742224
"Sep 10, 2024, 11:52:58 AM",Kudos,Activity,12373366502
"Sep 10, 2024, 11:53:10 AM",Kudos,Activity,12373739059
"Sep 10, 2024, 11:20:37 PM",Kudos,Activity,12379077021
"Sep 10, 2024, 11:20:39 PM",Kudos,Activity,12378846796
"Sep 11, 2024, 12:17:11 PM",Kudos,Activity,12382264545
"Sep 11, 2024, 12:17:29 PM",Kudos,Activity,12382333862
"Sep 11, 2024, 12:17:33 PM",Kudos,Activity,12382161402
"Sep 11, 2024, 12:17:39 PM",Kudos,Activity,12382352463
"Sep 11, 2024, 12:49:28 PM",Kudos,Activity,12383033494
"Sep 11, 2024, 9:18:01 PM",Kudos,Activity,12385776846
"Sep 11, 2024, 9:18:14 PM",Kudos,Activity,12385692792
"Sep 11, 2024, 9:18:22 PM",Kudos,Activity,12386806645
"Sep 11, 2024, 10:05:33 PM",Kudos,Activity,12387185841
"Sep 12, 2024, 4:26:00 AM",Kudos,Activity,12387485438
"Sep 12, 2024, 8:21:14 PM",Kudos,Activity,12392029362
"Sep 12, 2024, 8:21:19 PM",Kudos,Activity,12390802461
"Sep 12, 2024, 8:21:23 PM",Kudos,Activity,12390778125
"Sep 12, 2024, 10:41:10 PM",Kudos,Activity,12395489388
"Sep 12, 2024, 10:41:12 PM",Kudos,Activity,12394997103
"Sep 13, 2024, 2:51:01 AM",Kudos,Activity,12396310449
"Sep 13, 2024, 1:21:57 PM",Kudos,Activity,12399414275
"Sep 13, 2024, 2:45:09 PM",Kudos,Activity,12398469440
"Sep 13, 2024, 11:05:48 PM",Kudos,Activity,12402969581
"Sep 14, 2024, 2:13:16 AM",Kudos,Activity,12403085046
"Sep 14, 2024, 11:41:45 AM",Kudos,Activity,12406437188
"Sep 14, 2024, 12:24:38 PM",Kudos,Activity,12406866139
"Sep 14, 2024, 12:24:40 PM",Kudos,Activity,12406867599
"Sep 14, 2024, 12:33:07 PM",Kudos,Activity,12407086277
"Sep 14, 2024, 3:51:37 PM",Kudos,Activity,12407192436
"Sep 14, 2024, 3:51:38 PM",Kudos,Activity,12408592613
"Sep 15, 2024, 4:39:18 AM",Kudos,Activity,12411440285
"Sep 15, 2024, 4:39:32 AM",Kudos,Activity,12410777783
"Sep 15, 2024, 4:39:46 AM",Kudos,Activity,12411912281
"Sep 15, 2024, 12:09:40 PM",Kudos,Activity,12415589244
"Sep 15, 2024, 12:58:04 PM",Kudos,Activity,12415939515
"Sep 15, 2024, 1:34:41 PM",Kudos,Activity,12416486861
"Sep 15, 2024, 1:50:22 PM",Kudos,Activity,12416551055
"Sep 15, 2024, 2:56:50 PM",Kudos,Activity,12417169119
"Sep 16, 2024, 1:09:00 AM",Kudos,Activity,12420819562
"Sep 16, 2024, 1:09:21 AM",Kudos,Activity,12420757142
"Sep 16, 2024, 12:31:06 PM",Kudos,Activity,12423659930
"Sep 16, 2024, 1:16:36 PM",Kudos,Activity,12422820727
"Sep 16, 2024, 1:16:38 PM",Kudos,Activity,12422832366
"Sep 16, 2024, 1:16:42 PM",Kudos,Activity,12423164491
"Sep 16, 2024, 3:40:18 PM",Kudos,Activity,12424899085
"Sep 16, 2024, 3:40:24 PM",Kudos,Activity,12424803244
"Sep 16, 2024, 4:34:07 PM",Kudos,Activity,12425289178
"Sep 16, 2024, 4:34:10 PM",Kudos,Activity,12425394716
"Sep 16, 2024, 8:23:43 PM",Kudos,Activity,12425546655
"Sep 17, 2024, 12:59:03 AM",Kudos,Activity,12427542263
"Sep 17, 2024, 11:11:57 AM",Kudos,Activity,12431617255
"Sep 17, 2024, 11:12:00 AM",Kudos,Activity,12431198208
"Sep 17, 2024, 12:24:48 PM",Kudos,Activity,12432122668
"Sep 17, 2024, 9:19:46 PM",Kudos,Activity,12433212712
"Sep 18, 2024, 12:15:31 AM",Kudos,Activity,12437283968
"Sep 18, 2024, 12:15:35 AM",Kudos,Activity,12437456977
"Sep 18, 2024, 12:15:38 AM",Kudos,Activity,12437167263
"Sep 18, 2024, 8:12:48 AM",Kudos,Activity,12438005783
"Sep 19, 2024, 11:34:29 AM",Kudos,Activity,12449161275
"Sep 19, 2024, 11:34:36 AM",Kudos,Activity,12445872908
"Sep 19, 2024, 11:34:39 AM",Kudos,Activity,12446156388
"Sep 19, 2024, 11:34:40 AM",Kudos,Activity,12445605774
"Sep 19, 2024, 11:34:42 AM",Kudos,Activity,12442900753
"Sep 19, 2024, 11:34:46 AM",Kudos,Activity,12443174548
"Sep 19, 2024, 11:34:47 AM",Kudos,Activity,12444137963
"Sep 19, 2024, 2:47:02 PM",Kudos,Activity,12449627784
"Sep 19, 2024, 7:09:03 PM",Kudos,Activity,12452471929
"Aug 8, 2023, 12:23:03 AM",Like,Comment,1599800440
"Apr 28, 2024, 12:33:10 PM",Like,Comment,1787965942
"May 9, 2024, 7:08:54 PM",Like,Comment,1798614575
"May 30, 2024, 4:45:39 PM",Like,Comment,1816752127
"Aug 3, 2024, 12:15:31 AM",Like,Comment,1871744422
"Aug 10, 2024, 2:28:58 PM",Like,Comment,1878251040
"Aug 18, 2024, 9:33:07 PM",Like,Comment,1886285709
